,cpt,description,old_description, description_cpt, description_hcpc
183,10040,ACNE SURGERY,ACNE SURGERY,ACNE SURGERY,
74,10060,INCISION & DRAINAGE ABSCESS SIMPLE/SINGLE,DRAINAGE OF SKIN ABSCESS,INCISION & DRAINAGE ABSCESS SIMPLE/SINGLE,
233,10061,INCISION & DRAINAGE ABSCESS COMPLICATED/MULTIPLE,DRAINAGE OF SKIN ABSCESS,INCISION & DRAINAGE ABSCESS COMPLICATED/MULTIPLE,
276,10080,INCISION & DRAINAGE PILONIDAL CYST SIMPLE,,INCISION & DRAINAGE PILONIDAL CYST SIMPLE,
207,10120,INCISION & REMOVAL FOREIGN BODY SUBQ TISS SIMPLE,REMOVE FOREIGN BODY,INCISION & REMOVAL FOREIGN BODY SUBQ TISS SIMPLE,
257,11000,DBRDMT EXTENSV ECZEMA/INFECT SKN UP 10% BDY SURF,DEBRIDE INFECTED SKIN,DBRDMT EXTENSV ECZEMA/INFECT SKN UP 10% BDY SURF,
187,11055,PARING/CUTTING BENIGN HYPERKERATOTIC LESION 1,TRIM SKIN LESION,PARING/CUTTING BENIGN HYPERKERATOTIC LESION 1,
143,11056,PARING/CUTTING BENIGN HYPERKERATOTIC LESION 2-4,,PARING/CUTTING BENIGN HYPERKERATOTIC LESION 2-4,
110,11100,BX SKIN SUBCUTANEOUS&/MUCOUS MEMBRANE 1 LESION,BIOPSY SKIN LESION,BX SKIN SUBCUTANEOUS&/MUCOUS MEMBRANE 1 LESION,
176,11101,BIOPSY SKIN SUBQ&/MUCOUS MEMBRANE EA ADDL LESN,,BIOPSY SKIN SUBQ&/MUCOUS MEMBRANE EA ADDL LESN,
192,11102,TANGENTIAL BIOPSY SKIN SINGLE LESION,TANGENTIAL BIOPSY SKIN LESION,TANGENTIAL BIOPSY SKIN SINGLE LESION,
258,11104,PUNCH BIOPSY SKIN SINGLE LESION,PUNCH BIOPSY SKIN LESION,PUNCH BIOPSY SKIN SINGLE LESION,
100,11200,REMOVAL SKN TAGS MLT FIBRQ TAGS ANY AREA UPW/15,REMOVAL OF SKIN TAGS <W/15,REMOVAL SKN TAGS MLT FIBRQ TAGS ANY AREA UPW/15,
267,11300,SHAVING SKIN LESION 1 TRUNK/ARM/LEG DIAM 0.5CM/<,SHAVE SKIN LESION 0.5 CM/<,SHAVING SKIN LESION 1 TRUNK/ARM/LEG DIAM 0.5CM/<,
129,11301,SHVG SKIN LESION 1 TRUNK/ARM/LEG DIAM 0.6-1.0 CM,SHAVE SKIN LESION 0.6-1.0 CM,SHVG SKIN LESION 1 TRUNK/ARM/LEG DIAM 0.6-1.0 CM,
181,11302,SHVG SKN LESION 1 TRUNK/ARM/LEG DIAM 1.1-2.0 CM,SHAVE SKIN LESION 1.1-2.0 CM,SHVG SKN LESION 1 TRUNK/ARM/LEG DIAM 1.1-2.0 CM,
264,11303,SHVG SKIN LESION 1 TRUNK/ARM/LEG DIAM >2.0 CM,SHAVE SKIN LESION >2.0 CM,SHVG SKIN LESION 1 TRUNK/ARM/LEG DIAM >2.0 CM,
130,11306,SHAVING SKIN LESION 1 S/N/H/F/G DIAM 0.6-1.0 CM,,SHAVING SKIN LESION 1 S/N/H/F/G DIAM 0.6-1.0 CM,
154,11307,SHAVING SKIN LESION 1 S/N/H/F/G DIAM 1.1-2.0 CM,SHAVE SKIN LESION 1.1-2.0 CM,SHAVING SKIN LESION 1 S/N/H/F/G DIAM 1.1-2.0 CM,
208,11312,SHVG SKIN LESION 1 F/E/E/N/L/M DIAM 1.1-2.0 CM,,SHVG SKIN LESION 1 F/E/E/N/L/M DIAM 1.1-2.0 CM,
167,11401,EXC B9 LESION MRGN XCP SK TG T/A/L 0.6-1.0 CM,EXC TR-EXT B9+MARG 0.6-1 CM,EXC B9 LESION MRGN XCP SK TG T/A/L 0.6-1.0 CM,
98,11402,EXC B9 LESION MRGN XCP SK TG T/A/L 1.1-2.0 CM,EXC TR-EXT B9+MARG 1.1-2 CM,EXC B9 LESION MRGN XCP SK TG T/A/L 1.1-2.0 CM,
171,11403,EXC B9 LESION MRGN XCP SK TG T/A/L 2.1-3.0 CM,EXC TR-EXT B9+MARG 2.1-3CM,EXC B9 LESION MRGN XCP SK TG T/A/L 2.1-3.0 CM,
283,11421,EXC B9 LESION MRGN XCP SK TG S/N/H/F/G 0.6-1.0CM,,EXC B9 LESION MRGN XCP SK TG S/N/H/F/G 0.6-1.0CM,
86,11719,TRIMMING NONDYSTROPHIC NAILS ANY NUMBER,,TRIMMING NONDYSTROPHIC NAILS ANY NUMBER,
240,11730,AVULSION NAIL PLATE PARTIAL/COMPLETE SIMPLE 1,,AVULSION NAIL PLATE PARTIAL/COMPLETE SIMPLE 1,
294,11740,EVACUATION SUBUNGUAL HEMATOMA,,EVACUATION SUBUNGUAL HEMATOMA,
144,11750,EXCISION NAIL MATRIX PERMANENT REMOVAL,REMOVAL OF NAIL BED,EXCISION NAIL MATRIX PERMANENT REMOVAL,
172,11765,WEDGE EXCISION SKIN NAIL FOLD,EXCISION OF NAIL FOLD TOE,WEDGE EXCISION SKIN NAIL FOLD,
280,12001,SIMPLE REPAIR SCALP/NECK/AX/GENIT/TRUNK 2.5CM/<,RPR S/N/AX/GEN/TRNK 2.5CM/<,SIMPLE REPAIR SCALP/NECK/AX/GENIT/TRUNK 2.5CM/<,
266,12004,SIMPLE RPR SCALP/NECK/AX/GENIT/TRUNK 7.6-12.5CM,RPR S/N/AX/GEN/TRK7.6-12.5CM,SIMPLE RPR SCALP/NECK/AX/GENIT/TRUNK 7.6-12.5CM,
204,12031,REPAIR INTERMEDIATE S/A/T/E 2.5 CM/<,INTMD RPR S/A/T/EXT 2.5 CM/<,REPAIR INTERMEDIATE S/A/T/E 2.5 CM/<,
34,12345,0,0,,
278,15851,REMOVAL SUTURES UNDER ANESTHESIA OTHER SURGEON,,REMOVAL SUTURES UNDER ANESTHESIA OTHER SURGEON,
177,17000,DESTRUCTION PREMALIGNANT LESION 1ST,DESTRUCT PREMALG LESION,DESTRUCTION PREMALIGNANT LESION 1ST,
178,17003,DESTRUCTION PREMALIGNANT LESION 2-14 EA,,DESTRUCTION PREMALIGNANT LESION 2-14 EA,
82,17110,DESTRUCTION BENIGN LESIONS UP TO 14,DESTRUCT B9 LESION 1-14,DESTRUCTION BENIGN LESIONS UP TO 14,
229,17111,DESTRUCTION BENIGN LESIONS 15/>,DESTRUCT LESION 15 OR MORE,DESTRUCTION BENIGN LESIONS 15/>,
190,20526,INJECTION THERAPEUTIC CARPAL TUNNEL,,INJECTION THERAPEUTIC CARPAL TUNNEL,
107,20550,INJECTION 1 TENDON SHEATH/LIGAMENT APONEUROSIS,,INJECTION 1 TENDON SHEATH/LIGAMENT APONEUROSIS,
80,20551,INJECTION SINGLE TENDON ORIGIN/INSERTION,INJ TENDON ORIGIN/INSERTION,INJECTION SINGLE TENDON ORIGIN/INSERTION,
79,20552,INJECTION SINGLE/MLT TRIGGER POINT 1/2 MUSCLES,INJ TRIGGER POINT 1/2 MUSCL,INJECTION SINGLE/MLT TRIGGER POINT 1/2 MUSCLES,
213,20553,INJECTION SINGLE/MLT TRIGGER POINT 3/> MUSCLES,INJECT TRIGGER POINTS 3/>,INJECTION SINGLE/MLT TRIGGER POINT 3/> MUSCLES,
95,20600,ARTHROCENTESIS ASPIR&/INJ SMALL JT/BURSA W/O US,DRAIN/INJ JOINT/BURSA W/O US,ARTHROCENTESIS ASPIR&/INJ SMALL JT/BURSA W/O US,
186,20604,ARTHROCNT ASPIR&/INJ SMALL JT/BURSAW/US REC RPRT,,ARTHROCNT ASPIR&/INJ SMALL JT/BURSAW/US REC RPRT,
2,20605,ARTHROCENTESIS ASPIR&/INJ INTERM JT/BURS W/O US,DRAIN/INJ JOINT/BURSA W/O US,ARTHROCENTESIS ASPIR&/INJ INTERM JT/BURS W/O US,
188,20606,ARTHROCENTESIS ASPIR&/INJ INTERM JT/BURS W/US,,ARTHROCENTESIS ASPIR&/INJ INTERM JT/BURS W/US,
15,20610,ARTHROCENTESIS ASPIR&/INJ MAJOR JT/BURSA W/O US,DRAIN/INJ JOINT/BURSA W/O US,ARTHROCENTESIS ASPIR&/INJ MAJOR JT/BURSA W/O US,
153,20611,ARTHROCENTESIS ASPIR&/INJ MAJOR JT/BURSA W/US,DRAIN/INJ JOINT/BURSA W/US,ARTHROCENTESIS ASPIR&/INJ MAJOR JT/BURSA W/US,
97,20612,ASPIRATION&/INJECTION GANGLION CYST ANY LOCATJ,,ASPIRATION&/INJECTION GANGLION CYST ANY LOCATJ,
191,20615,ASPIRATION & INJECTION TREATMENT BONE CYST,,ASPIRATION & INJECTION TREATMENT BONE CYST,
239,21011,EXCISION TUMOR SOFT TISS FACE/SCALP SUBQ <2CM,EXC FACE LES SC <2 CM,EXCISION TUMOR SOFT TISS FACE/SCALP SUBQ <2CM,
223,23931,INCISION&DRAINAGE UPPER ARM/ELBOW BURSA,DRAINAGE OF ARM BURSA,INCISION&DRAINAGE UPPER ARM/ELBOW BURSA,
155,27096,INJECT SI JOINT ARTHRGRPHY&/ANES/STEROID W/IMA,,INJECT SI JOINT ARTHRGRPHY&/ANES/STEROID W/IMA,
268,29125,APPLICATION SHORT ARM SPLINT FOREARM-HAND STATIC,,APPLICATION SHORT ARM SPLINT FOREARM-HAND STATIC,
234,29425,APPLICATION SHORT LEG CAST WALKING/AMBULATORY,,APPLICATION SHORT LEG CAST WALKING/AMBULATORY,
108,29700,REMOVAL/BIVALVING GAUNTLET BOOT/BODY CAST,,REMOVAL/BIVALVING GAUNTLET BOOT/BODY CAST,
215,30901,CONTROL NASAL HEMORRHAGE ANTERIOR SIMPLE,,CONTROL NASAL HEMORRHAGE ANTERIOR SIMPLE,
236,46611,ANOSC RMVL 1 TUM POLYP/OTH LES SNARE TQ,ANOSCOPY,ANOSC RMVL 1 TUM POLYP/OTH LES SNARE TQ,
228,51701,INSJ NON-NDWELLG BLADDER CATHETER,INSERT BLADDER CATHETER,INSJ NON-NDWELLG BLADDER CATHETER,
292,58100,ENDOMETRIAL BX W/WO ENDOCERVIX BX W/O DILAT SPX,,ENDOMETRIAL BX W/WO ENDOCERVIX BX W/O DILAT SPX,
265,62282,INJX/INFUS NEUROLYT SBST EPIDURAL LUMBAR/SACRAL,TREAT SPINAL CANAL LESION,INJX/INFUS NEUROLYT SBST EPIDURAL LUMBAR/SACRAL,
134,62311,INJECT SPINE LUMBAR/SACRAL,INJECT SPINE LUMBAR/SACRAL,,
162,64405,INJECTION AA&/STRD GREATER OCCIPITAL NERVE,N BLOCK INJ OCCIPITAL,INJECTION AA&/STRD GREATER OCCIPITAL NERVE,
237,65210,RMVL FB XTRNL EYE EMBED SCJNCL/SCLERAL NONPERFOR,,RMVL FB XTRNL EYE EMBED SCJNCL/SCLERAL NONPERFOR,
232,65220,RMVL FB XTRNL EYE CORNEAL W/O SLIT LAMP,REMOVE FOREIGN BODY FROM EYE,RMVL FB XTRNL EYE CORNEAL W/O SLIT LAMP,
61,69200,RMVL FB XTRNL AUDITORY CANAL W/O ANES,CLEAR OUTER EAR CANAL,RMVL FB XTRNL AUDITORY CANAL W/O ANES,
46,69209,REMOVAL IMPACTED CERUMEN IRRIGATION/LVG UNILAT,REMOVE IMPACTED EAR WAX UNI,REMOVAL IMPACTED CERUMEN IRRIGATION/LVG UNILAT,
30,69210,REMOVAL IMPACTED CERUMEN INSTRUMENTATION UNILAT,REMOVE IMPACTED EAR WAX UNI,REMOVAL IMPACTED CERUMEN INSTRUMENTATION UNILAT,
244,76536,US SOFT TISSUE HEAD & NECK REAL TIME IMGE DOCM,US EXAM OF HEAD AND NECK,US SOFT TISSUE HEAD & NECK REAL TIME IMGE DOCM,
279,76604,US CHEST REAL TIME W/IMAGE DOCUMENTATION,,US CHEST REAL TIME W/IMAGE DOCUMENTATION,
220,76700,US ABDOMINAL REAL TIME W/IMAGE DOCUMENTATION,,US ABDOMINAL REAL TIME W/IMAGE DOCUMENTATION,
291,76882,US LMTD JOINT/OTH NONVASC XTR STRUX R-T W/IMG,,US LMTD JOINT/OTH NONVASC XTR STRUX R-T W/IMG,
0,76942,US GUIDANCE NEEDLE PLACEMENT IMG S&I,,US GUIDANCE NEEDLE PLACEMENT IMG S&I,
182,77002,FLUOROSCOPIC GUIDANCE NEEDLE PLACEMENT ADD ON,NEEDLE LOCALIZATION BY XRAY,FLUOROSCOPIC GUIDANCE NEEDLE PLACEMENT ADD ON,
132,77080,DXA BONE DENSITY STUDY 1/> SITES AXIAL SKEL,DXA BONE DENSITY AXIAL,DXA BONE DENSITY STUDY 1/> SITES AXIAL SKEL,
285,80299,QUANTITATION DRUG NOT ELSEWHERE SPECIFIED,,QUANTITATION DRUG NOT ELSEWHERE SPECIFIED,
296,81001,URNLS DIP STICK/TABLET REAGENT AUTO MICROSCOPY,,URNLS DIP STICK/TABLET REAGENT AUTO MICROSCOPY,
17,81002,URNLS DIP STICK/TABLET RGNT NON-AUTO W/O MICRSCP,URINALYSIS NONAUTO W/O SCOPE,URNLS DIP STICK/TABLET RGNT NON-AUTO W/O MICRSCP,
81,81003,URNLS DIP STICK/TABLET RGNT AUTO W/O MICROSCOPY,URINALYSIS AUTO W/O SCOPE,URNLS DIP STICK/TABLET RGNT AUTO W/O MICROSCOPY,
164,82270,BLOOD OCCULT PEROXIDASE ACTV QUAL FECES 1 DETER,OCCULT BLOOD FECES,BLOOD OCCULT PEROXIDASE ACTV QUAL FECES 1 DETER,
287,82271,BLOOD OCCULT PEROXIDASE ACTV QUAL OTHER SOURCES,,BLOOD OCCULT PEROXIDASE ACTV QUAL OTHER SOURCES,
140,82272,BLOOD OCCULT PEROXIDASE ACTV QUAL FECES 1-3 SPEC,OCCULT BLD FECES 1-3 TESTS,BLOOD OCCULT PEROXIDASE ACTV QUAL FECES 1-3 SPEC,
157,82274,BLOOD OCCULT FECAL HGB DETER IA QUAL FECES 1-3,,BLOOD OCCULT FECAL HGB DETER IA QUAL FECES 1-3,
272,82607,CYANOCOBALAMIN VITAMIN B-12,,CYANOCOBALAMIN VITAMIN B-12,
275,82947,GLUCOSE QUANTITATIVE BLOOD XCPT REAGENT STRIP,,GLUCOSE QUANTITATIVE BLOOD XCPT REAGENT STRIP,
91,82962,GLUC BLD GLUC MNTR DEV CLEARED FDA SPEC HOME USE,GLUCOSE BLOOD TEST,GLUC BLD GLUC MNTR DEV CLEARED FDA SPEC HOME USE,
7,83036,HEMOGLOBIN GLYCOSYLATED A1C,GLYCOSYLATED HEMOGLOBIN TEST,HEMOGLOBIN GLYCOSYLATED A1C,
127,83037,HGB GLYCOSYLATED DEVICE CLEARED FDA HOME USE,,HGB GLYCOSYLATED DEVICE CLEARED FDA HOME USE,
226,83518,IMMUNOASSAY ANALYTE QUAL/SEMIQUAL SINGLE STEP,,IMMUNOASSAY ANALYTE QUAL/SEMIQUAL SINGLE STEP,
89,83986,PH BODY FLUID NOT ELSEWHERE SPECIFIED,,PH BODY FLUID NOT ELSEWHERE SPECIFIED,
31,85610,PROTHROMBIN TIME,PROTHROMBIN TIME,PROTHROMBIN TIME,
116,86580,SKIN TEST TUBERCULOSIS INTRADERMAL,TB INTRADERMAL TEST,SKIN TEST TUBERCULOSIS INTRADERMAL,
88,87210,SMR PRIM SRC WET MOUNT NFCT AGT,SMEAR WET MOUNT SALINE/INK,SMR PRIM SRC WET MOUNT NFCT AGT,
274,87220,TISS KOH SLIDE SAMPS SKN/HR/NLS FNGI/ECTOPARASIT,,TISS KOH SLIDE SAMPS SKN/HR/NLS FNGI/ECTOPARASIT,
159,87400,IAAD IA INFLUENZA A/B EACH,,IAAD IA INFLUENZA A/B EACH,
76,87804,IAADIADOO INFLUENZA,INFLUENZA ASSAY W/OPTIC,IAADIADOO INFLUENZA,
92,87880,IAADIADOO STREPTOCOCCUS GROUP A,,IAADIADOO STREPTOCOCCUS GROUP A,
166,88164,CYTP SLIDES CERV/VAG MNL SCRN PHYSICIAN SUPV,,CYTP SLIDES CERV/VAG MNL SCRN PHYSICIAN SUPV,
27,90471,IM ADM PRQ ID SUBQ/IM NJXS 1 VACCINE,IMMUNIZATION ADMIN,IM ADM PRQ ID SUBQ/IM NJXS 1 VACCINE,
29,90472,IM ADM PRQ ID SUBQ/IM NJXS EA VACCINE,,IM ADM PRQ ID SUBQ/IM NJXS EA VACCINE,
242,90630,INFLUENZA VACC IIV4 SPLIT VIRUS PRSRV FREE ID,,INFLUENZA VACC IIV4 SPLIT VIRUS PRSRV FREE ID,
28,90632,HEPA VACCINE ADULT DOSE FOR INTRAMUSCULAR USE,HEP A VACCINE ADULT IM,HEPA VACCINE ADULT DOSE FOR INTRAMUSCULAR USE,
59,90653,IIV ADJUVANTED VACCINE FOR INTRAMUSCULAR USE,IIV ADJUVANT VACCINE IM,IIV ADJUVANTED VACCINE FOR INTRAMUSCULAR USE,
21,90662,IIV VACCINE PRESERV FREE INCREASED AG CONTENT IM,IIV NO PRSV INCREASED AG IM,IIV VACCINE PRESERV FREE INCREASED AG CONTENT IM,
8,90670,PCV13 VACCINE FOR INTRAMUSCULAR USE,PCV13 VACCINE IM,PCV13 VACCINE FOR INTRAMUSCULAR USE,
170,90674,CCIIV4 VACCINE PRESERVATIVE FREE 0.5 ML IM USE,CCIIV4 VAC NO PRSV 0.5 ML IM,CCIIV4 VACCINE PRESERVATIVE FREE 0.5 ML IM USE,
262,90685,IIV4 VACC PRSRV FREE 0.25 ML DOS FOR IM USE,,IIV4 VACC PRSRV FREE 0.25 ML DOS FOR IM USE,
18,90686,IIV4 VACC PRESRV FREE 0.5 ML DOS FOR IM USE,IIV4 VACC NO PRSV 0.5 ML IM,IIV4 VACC PRESRV FREE 0.5 ML DOS FOR IM USE,
118,90688,IIV4 VACC SPLIT VIRUS 0.5 ML DOS FOR IM USE,IIV4 VACCINE SPLT 0.5 ML IM,IIV4 VACC SPLIT VIRUS 0.5 ML DOS FOR IM USE,
245,90707,MEASLES MUMPS RUBELLA VIRUS VACCINE LIVE SUBQ,,MEASLES MUMPS RUBELLA VIRUS VACCINE LIVE SUBQ,
41,90715,TDAP VACCINE 7 YRS/> IM,TDAP VACCINE 7 YRS/> IM,TDAP VACCINE 7 YRS/> IM,
25,90732,PPSV23 VACCINE 2 YRS OR OLDER FOR SUBQ/IM USE,PPSV23 VACC 2 YRS+ SUBQ/IM,PPSV23 VACCINE 2 YRS OR OLDER FOR SUBQ/IM USE,
123,90736,ZOSTER VACCINE HZV LIVE FOR SUBCUTANEOUS USE,HZV VACCINE LIVE SUBQ,ZOSTER VACCINE HZV LIVE FOR SUBCUTANEOUS USE,
277,90739,HEPB VACCINE ADULT 2 DOSE SCHEDULE FOR IM USE,,HEPB VACCINE ADULT 2 DOSE SCHEDULE FOR IM USE,
26,90746,HEPB VACCINE ADULT 3 DOSE SCHEDULE FOR IM USE,HEPB VACCINE 3 DOSE ADULT IM,HEPB VACCINE ADULT 3 DOSE SCHEDULE FOR IM USE,
145,90756,CCIIV4 VACCINE ANTIBIOTIC FREE 0.5 ML DOS IM USE,,CCIIV4 VACCINE ANTIBIOTIC FREE 0.5 ML DOS IM USE,
284,90833,PSYCHOTHERAPY W/PATIENT W/E&M SRVCS 30 MIN,,PSYCHOTHERAPY W/PATIENT W/E&M SRVCS 30 MIN,
160,90834,PSYCHOTHERAPY W/PATIENT 45 MINUTES,PSYTX W PT 45 MINUTES,PSYCHOTHERAPY W/PATIENT 45 MINUTES,
219,90847,FAMILY PSYCHOTHERAPY W/PATIENT PRESENT 50 MINS,FAMILY PSYTX W/PT 50 MIN,FAMILY PSYCHOTHERAPY W/PATIENT PRESENT 50 MINS,
260,90882,ENVIRONMENTAL IVNTJ MGMT PURPOSES PSYC PT,ENVIRONMENTAL MANIPULATION,ENVIRONMENTAL IVNTJ MGMT PURPOSES PSYC PT,
209,92551,SCREENING TEST PURE TONE AIR ONLY,,SCREENING TEST PURE TONE AIR ONLY,
104,92552,PURE TONE AUDIOMETRY AIR ONLY,,PURE TONE AUDIOMETRY AIR ONLY,
199,92553,PURE TONE AUDIOMETRY AIR & BONE,,PURE TONE AUDIOMETRY AIR & BONE,
10,93000,ECG ROUTINE ECG W/LEAST 12 LDS W/I&R,ELECTROCARDIOGRAM COMPLETE,ECG ROUTINE ECG W/LEAST 12 LDS W/I&R,
131,93005,ECG ROUTINE ECG W/LEAST 12 LDS TRCG ONLY W/O I&R,,ECG ROUTINE ECG W/LEAST 12 LDS TRCG ONLY W/O I&R,
185,93015,CV STRS TST XERS&/OR RX CONT ECG W/SI&R,CARDIOVASCULAR STRESS TEST,CV STRS TST XERS&/OR RX CONT ECG W/SI&R,
293,93784,AMBULATORY BP MNTR W/SW 24 HR+ REC SCAN ALYS I&R,,AMBULATORY BP MNTR W/SW 24 HR+ REC SCAN ALYS I&R,
148,93922,NON-INVAS PHYSIOLOGIC STD EXTREMITY ART 2 LEVEL,UPR/L XTREMITY ART 2 LEVELS,NON-INVAS PHYSIOLOGIC STD EXTREMITY ART 2 LEVEL,
77,93971,DUP-SCAN XTR VEINS UNILATERAL/LIMITED STUDY,,DUP-SCAN XTR VEINS UNILATERAL/LIMITED STUDY,
55,94010,SPMTRY W/VC EXPIRATORY FLO W/WO MXML VOL VNTJ,BREATHING CAPACITY TEST,SPMTRY W/VC EXPIRATORY FLO W/WO MXML VOL VNTJ,
247,94016,PATIENT-INITIATED SPIROMETRIC PHYS/QHP R&I ONLY,,PATIENT-INITIATED SPIROMETRIC PHYS/QHP R&I ONLY,
197,94060,BRNCDILAT RSPSE SPMTRY PRE&POST-BRNCDILAT ADMN,,BRNCDILAT RSPSE SPMTRY PRE&POST-BRNCDILAT ADMN,
288,94200,MAX BREATHING CAPACITY MAXIMAL VOLUNTARY VENTJ,,MAX BREATHING CAPACITY MAXIMAL VOLUNTARY VENTJ,
180,94618,PULMONARY STRESS TESTING,PULMONARY STRESS TESTING,PULMONARY STRESS TESTING,
201,94620,0,,,
54,94640,PRESSURIZED/NONPRESSURIZED INHALATION TREATMENT,AIRWAY INHALATION TREATMENT,PRESSURIZED/NONPRESSURIZED INHALATION TREATMENT,
105,94664,DEMO&/EVAL OF PT UTILIZ AERSL GEN/NEB/INHLR/IP,,DEMO&/EVAL OF PT UTILIZ AERSL GEN/NEB/INHLR/IP,
83,94729,CO DIFFUSING CAPACITY,,CO DIFFUSING CAPACITY,
60,96127,BEHAV ASSMT W/SCORE & DOCD/STAND INSTRUMENT,,BEHAV ASSMT W/SCORE & DOCD/STAND INSTRUMENT,
255,96136,PSYL/NRPSYCL TST PHYS/QHP 2+ TST 1ST 30 MIN,,PSYL/NRPSYCL TST PHYS/QHP 2+ TST 1ST 30 MIN,
246,96150,HLTH&BEHAVIOR ASSMT EA 15 MIN W/PT 1ST ASSMT,ASSESS HLTH/BEHAVE INIT,HLTH&BEHAVIOR ASSMT EA 15 MIN W/PT 1ST ASSMT,
93,96160,PT-FOCUSED HLTH RISK ASSMT SCORE DOC STND INSTRM,,PT-FOCUSED HLTH RISK ASSMT SCORE DOC STND INSTRM,
14,96372,THERAPEUTIC PROPHYLACTIC/DX INJECTION SUBQ/IM,THER/PROPH/DIAG INJ SC/IM,THERAPEUTIC PROPHYLACTIC/DX INJECTION SUBQ/IM,
259,97001,PT EVALUATION,PT EVALUATION,,
221,97032,APPL MODALITY 1/> AREAS ELEC STIMJ EA 15 MIN,,APPL MODALITY 1/> AREAS ELEC STIMJ EA 15 MIN,
282,97035,APPL MODALITY 1/> AREAS ULTRASOUND EA 15 MIN,,APPL MODALITY 1/> AREAS ULTRASOUND EA 15 MIN,
111,97110,THERAPEUTIC PX 1/> AREAS EACH 15 MIN EXERCISES,THERAPEUTIC EXERCISES,THERAPEUTIC PX 1/> AREAS EACH 15 MIN EXERCISES,
138,97112,THER PX 1/> AREAS EACH 15 MIN NEUROMUSC REEDUCA,NEUROMUSCULAR REEDUCATION,THER PX 1/> AREAS EACH 15 MIN NEUROMUSC REEDUCA,
136,97116,THER PX 1/> AREAS EA 15 MIN GAIT TRAING W/STAIR,GAIT TRAINING THERAPY,THER PX 1/> AREAS EA 15 MIN GAIT TRAING W/STAIR,
184,97140,MANUAL THERAPY TQS 1/> REGIONS EACH 15 MINUTES,MANUAL THERAPY 1/> REGIONS,MANUAL THERAPY TQS 1/> REGIONS EACH 15 MINUTES,
142,97161,PHYSICAL THERAPY EVALUATION LOW COMPLEX 20 MINS,PT EVAL LOW COMPLEX 20 MIN,PHYSICAL THERAPY EVALUATION LOW COMPLEX 20 MINS,
128,97162,PHYSICAL THERAPY EVALUATION MOD COMPLEX 30 MINS,PT EVAL MOD COMPLEX 30 MIN,PHYSICAL THERAPY EVALUATION MOD COMPLEX 30 MINS,
114,97163,PHYSICAL THERAPY EVALUATION HIGH COMPLEX 45 MINS,PT EVAL HIGH COMPLEX 45 MIN,PHYSICAL THERAPY EVALUATION HIGH COMPLEX 45 MINS,
135,97164,PHYSICAL THERAPY RE-EVAL EST PLAN CARE 20 MINS,PT RE-EVAL EST PLAN CARE,PHYSICAL THERAPY RE-EVAL EST PLAN CARE 20 MINS,
137,97530,THERAPEUT ACTVITY DIRECT PT CONTACT EACH 15 MIN,THERAPEUTIC ACTIVITIES,THERAPEUT ACTVITY DIRECT PT CONTACT EACH 15 MIN,
238,97535,SELF-CARE/HOME MGMT TRAINING EACH 15 MINUTES,,SELF-CARE/HOME MGMT TRAINING EACH 15 MINUTES,
146,97597,DEBRIDEMENT OPEN WOUND 20 SQ CM/<,RMVL DEVITAL TIS 20 CM/<,DEBRIDEMENT OPEN WOUND 20 SQ CM/<,
230,97750,PHYSICAL PERFORMANCE TEST/MEAS W/REPRT EA 15 MIN,,PHYSICAL PERFORMANCE TEST/MEAS W/REPRT EA 15 MIN,
72,98925,OSTEOPATHIC MANIPULATIVE TX 1-2 BODY REGIONS,OSTEOPATH MANJ 1-2 REGIONS,OSTEOPATHIC MANIPULATIVE TX 1-2 BODY REGIONS,
53,98926,OSTEOPATHIC MANIPULATIVE TX 3-4 BODY REGIONS,OSTEOPATH MANJ 3-4 REGIONS,OSTEOPATHIC MANIPULATIVE TX 3-4 BODY REGIONS,
71,98927,OSTEOPATHIC MANIPULATIVE TX 5-6 BODY REGIONS,OSTEOPATH MANJ 5-6 REGIONS,OSTEOPATHIC MANIPULATIVE TX 5-6 BODY REGIONS,
52,98928,OSTEOPATHIC MANIPULATIVE TX 7-8 BODY REGIONS,OSTEOPATH MANJ 7-8 REGIONS,OSTEOPATHIC MANIPULATIVE TX 7-8 BODY REGIONS,
231,98929,OSTEOPATHIC MANIPULATIVE TX 9-10 BODY REGIONS,OSTEOPATH MANJ 9-10 REGIONS,OSTEOPATHIC MANIPULATIVE TX 9-10 BODY REGIONS,
121,99000,HANDLG&/OR CONVEY OF SPEC FOR TR OFFICE TO LAB,,HANDLG&/OR CONVEY OF SPEC FOR TR OFFICE TO LAB,
161,99024,POSTOP FOLLOW UP VISIT RELATED TO ORIGINAL PX,POSTOP FOLLOW-UP VISIT,POSTOP FOLLOW UP VISIT RELATED TO ORIGINAL PX,
202,99058,SVC PRV EMER BASIS IN OFFICE DISRUPTING SVCS,,SVC PRV EMER BASIS IN OFFICE DISRUPTING SVCS,
281,99078,PHYS/QHP EDUCATION SVCS RENDERED PTS GRP SETTING,,PHYS/QHP EDUCATION SVCS RENDERED PTS GRP SETTING,
90,99080,SPEC REPORTS > USUAL MED COMUNICAJ/STAND RPRTG,SPECIAL REPORTS OR FORMS,SPEC REPORTS > USUAL MED COMUNICAJ/STAND RPRTG,
205,99173,SCREENING TEST VISUAL ACUITY QUANTITATIVE BILAT,,SCREENING TEST VISUAL ACUITY QUANTITATIVE BILAT,
216,99201,OFFICE OUTPATIENT NEW 10 MINUTES,OFFICE/OUTPATIENT VISIT NEW,OFFICE OUTPATIENT NEW 10 MINUTES,
40,99202,OFFICE OUTPATIENT NEW 20 MINUTES,OFFICE/OUTPATIENT VISIT NEW,OFFICE OUTPATIENT NEW 20 MINUTES,
23,99203,OFFICE OUTPATIENT NEW 30 MINUTES,OFFICE/OUTPATIENT VISIT NEW,OFFICE OUTPATIENT NEW 30 MINUTES,
64,99204,OFFICE OUTPATIENT NEW 45 MINUTES,OFFICE/OUTPATIENT VISIT NEW,OFFICE OUTPATIENT NEW 45 MINUTES,
12,99205,OFFICE OUTPATIENT NEW 60 MINUTES,OFFICE/OUTPATIENT VISIT NEW,OFFICE OUTPATIENT NEW 60 MINUTES,
33,99211,OFFICE OUTPATIENT VISIT 5 MINUTES,OFFICE/OUTPATIENT VISIT EST,OFFICE OUTPATIENT VISIT 5 MINUTES,
58,99212,OFFICE OUTPATIENT VISIT 10 MINUTES,OFFICE/OUTPATIENT VISIT EST,OFFICE OUTPATIENT VISIT 10 MINUTES,
5,99213,OFFICE OUTPATIENT VISIT 15 MINUTES,OFFICE/OUTPATIENT VISIT EST,OFFICE OUTPATIENT VISIT 15 MINUTES,
1,99214,OFFICE OUTPATIENT VISIT 25 MINUTES,OFFICE/OUTPATIENT VISIT EST,OFFICE OUTPATIENT VISIT 25 MINUTES,
11,99215,OFFICE OUTPATIENT VISIT 40 MINUTES,OFFICE/OUTPATIENT VISIT EST,OFFICE OUTPATIENT VISIT 40 MINUTES,
179,99244,OFFICE CONSULTATION NEW/ESTAB PATIENT 60 MIN,OFFICE CONSULTATION,OFFICE CONSULTATION NEW/ESTAB PATIENT 60 MIN,
295,99245,OFFICE CONSULTATION NEW/ESTAB PATIENT 80 MIN,OFFICE CONSULTATION,OFFICE CONSULTATION NEW/ESTAB PATIENT 80 MIN,
70,99354,PROLNG E&M/PSYCTX SVC OFFICE O/P DIR CON 1ST HR,PROLONG E&M/PSYCTX SERV O/P,PROLNG E&M/PSYCTX SVC OFFICE O/P DIR CON 1ST HR,
106,99355,PROLNG E&M/PSYCTX SVC OFFICE O/P DIR CON ADDL 30,,PROLNG E&M/PSYCTX SVC OFFICE O/P DIR CON ADDL 30,
289,99358,PROLNG E/M SVC BEFORE&/AFTER DIR PT CARE 1ST HR,,PROLNG E/M SVC BEFORE&/AFTER DIR PT CARE 1ST HR,
200,99364,ANTICOAGULANT MGMT SUBSEQ,ANTICOAGULANT MGMT SUBSEQ,,
32,99374,SUPVJ PT HOME HEALTH AGENCY MO 15-29 MINUTES,HOME HEALTH CARE SUPERVISION,SUPVJ PT HOME HEALTH AGENCY MO 15-29 MINUTES,
65,99387,INITIAL PREVENTIVE MEDICINE NEW PATIENT 65YRS&>,INIT PM E/M NEW PAT 65+ YRS,INITIAL PREVENTIVE MEDICINE NEW PATIENT 65YRS&>,
4,99397,PERIODIC PREVENTIVE MED EST PATIENT 65YRS& OLDER,PER PM REEVAL EST PAT 65+ YR,PERIODIC PREVENTIVE MED EST PATIENT 65YRS& OLDER,
117,99406,TOBACCO USE CESSATION INTERMEDIATE 3-10 MINUTES,,TOBACCO USE CESSATION INTERMEDIATE 3-10 MINUTES,
47,99407,TOBACCO USE CESSATION INTENSIVE >10 MINUTES,,TOBACCO USE CESSATION INTENSIVE >10 MINUTES,
62,99483,ASSMT & CARE PLANNING PT W/COGNITIVE IMPAIRMENT,ASSMT & CARE PLANNING PT W/COGNITIVE IMPAIRMENT,ASSMT & CARE PLANNING PT W/COGNITIVE IMPAIRMENT,
198,99487,CMPLX CHRON CARE MGMT W/O PT VST 1ST HR PER MO,CMPLX CHRON CARE W/O PT VSIT,CMPLX CHRON CARE MGMT W/O PT VST 1ST HR PER MO,
217,99489,CMPLX CHRON CARE MGMT EA ADDL 30 MIN PER MONTH,,CMPLX CHRON CARE MGMT EA ADDL 30 MIN PER MONTH,
169,99490,CHRON CARE MANAGEMENT SRVC 20 MIN PER MONTH,CHRON CARE MGMT SRVC 20 MIN,CHRON CARE MANAGEMENT SRVC 20 MIN PER MONTH,
273,99491,CHRONIC CARE MGMT SVC AT LEAST 30 MIN PER MONTH,CHRON CARE MGMT SVC 30 MIN,CHRONIC CARE MGMT SVC AT LEAST 30 MIN PER MONTH,
224,99495,TRANSITIONAL CARE MANAGE SRVC 14 DAY DISCHARGE,TRANS CARE MGMT 14 DAY DISCH,TRANSITIONAL CARE MANAGE SRVC 14 DAY DISCHARGE,
152,99496,TRANSITIONAL CARE MANAGE SRVC 7 DAY DISCHARGE,TRANS CARE MGMT 7 DAY DISCH,TRANSITIONAL CARE MANAGE SRVC 7 DAY DISCHARGE,
63,99497,ADVANCE CARE PLANNING FIRST 30 MINS,ADVNCD CARE PLAN 30 MIN,ADVANCE CARE PLANNING FIRST 30 MINS,
168,99498,ADVANCE CARE PLANNING EA ADDL 30 MINS,,ADVANCE CARE PLANNING EA ADDL 30 MINS,
45,1125F,PAIN SEVERITY QUANTIFIED PAIN PRESENT,AMNT PAIN NOTED PAIN PRSNT,PAIN SEVERITY QUANTIFIED PAIN PRESENT,
35,1126F,PAIN SEVERITY QUANTIFIED NO PAIN PRESENT,AMNT PAIN NOTED NONE PRSNT,PAIN SEVERITY QUANTIFIED NO PAIN PRESENT,
149,1157F,ADVNC CARE PLAN OR EQV LGL DOC IN MED RCRD,,ADVNC CARE PLAN OR EQV LGL DOC IN MED RCRD,
57,1159F,MEDICATION LIST DOCUMENTED IN MEDICAL RECORD,,MEDICATION LIST DOCUMENTED IN MEDICAL RECORD,
119,1170F,FUNCTIONAL STATUS ASSESSED,FXNL STATUS ASSESSED,FUNCTIONAL STATUS ASSESSED,
195,2028F,FOOT EXAMINATION PERFORMED,,FOOT EXAMINATION PERFORMED,
68,3008F,BODY MASS INDEX DOCUMENTED,,BODY MASS INDEX DOCUMENTED,
43,3044F,MOST RECENT HEMOGLOBIN A1C LEVEL < 7.0%,HG A1C LEVEL LT 7.0%,MOST RECENT HEMOGLOBIN A1C LEVEL < 7.0%,
51,3045F,MOST RECENT HEMOGLOBIN A1C LEVEL GT 7.0-9.0 %,,MOST RECENT HEMOGLOBIN A1C LEVEL GT 7.0-9.0 %,
120,3046F,MOST RECENT HEMOGLOBIN A1C LEVEL >9.0%,,MOST RECENT HEMOGLOBIN A1C LEVEL >9.0%,
42,3074F,MOST RECENT SYSTOLIC BLOOD PRESSURE <130 MM HG,SYST BP LT 130 MM HG,MOST RECENT SYSTOLIC BLOOD PRESSURE <130 MM HG,
48,3075F,MOST RECENT SYSTOLIC BLOOD PRESS 130-139MM HG,,MOST RECENT SYSTOLIC BLOOD PRESS 130-139MM HG,
37,3077F,MOST RECENT SYSTOLIC BLOOD PRES>/EQUAL 140 MM HG,SYST BP >/= 140 MM HG,MOST RECENT SYSTOLIC BLOOD PRES>/EQUAL 140 MM HG,
36,3078F,MOST RECENT DIASTOLIC BLOOD PRESSURE < 80 MM HG,,MOST RECENT DIASTOLIC BLOOD PRESSURE < 80 MM HG,
56,3079F,MOST RECENT DIASTOLIC BLOOD PRESSURE 80-89 MM HG,,MOST RECENT DIASTOLIC BLOOD PRESSURE 80-89 MM HG,
44,3080F,MOST RECENT DIASTOL BLOOD PRES >/EQUAL 90 MM HG,,MOST RECENT DIASTOL BLOOD PRES >/EQUAL 90 MM HG,
156,3120F,12-LEAD ECG PERFORMED,,12-LEAD ECG PERFORMED,
99,A4550,SURGICAL TRAYS,,,SURGICAL TRAYS
222,A4557,"LEAD WIRES, PAIR",,,"LEAD WIRES, PAIR"
261,A6450,"LT COMPRES BAND >=5""/YD",,,"LT COMPRES BAND >=5""/YD"
218,A7003,NEBULIZER ADMINISTRATION SET,,,NEBULIZER ADMINISTRATION SET
158,BILREC,0,,,
122,CASEM,0,,,
150,CCMRX,0,,,
243,CHRON,0,,,
189,CURBS,0,,,
203,DIETH,0,,,
19,G0008,ADMIN INFLUENZA VIRUS VAC,ADMINISTRATION INFLUENZA VIRUS VACC,,ADMIN INFLUENZA VIRUS VAC
9,G0009,ADMIN PNEUMOCOCCAL VACCINE,,,ADMIN PNEUMOCOCCAL VACCINE
151,G0010,ADMIN HEPATITIS B VACCINE,,,ADMIN HEPATITIS B VACCINE
84,G0101,CA SCREEN;PELVIC/BREAST EXAM,CERV/VAG CANCR SCR;PELV&CLN BRST EX,,CA SCREEN;PELVIC/BREAST EXAM
211,G0123,SCREEN CERV/VAG THIN LAYER,,,SCREEN CERV/VAG THIN LAYER
163,G0127,TRIM NAIL(S),TRIM DYSTROPHIC NAILS ANY NUMBER,,TRIM NAIL(S)
6,G0179,MD RECERTIFICATION HHA PT,PHYS RE-CERT MCR-COVR HOM HLTH SRVC,,MD RECERTIFICATION HHA PT
24,G0180,MD CERTIFICATION HHA PATIENT,PHYS CERT MCR-COVR HOM HLTH SRVC,,MD CERTIFICATION HHA PATIENT
251,G0181,HOME HEALTH CARE SUPERVISION,PHYS SUPV PT RECV MCR-COVR HOM HLTH,,HOME HEALTH CARE SUPERVISION
252,G0268,REMOVAL OF IMPACTED WAX MD,REMV IMP CERUMN SAME DATE FUNCT TST,,REMOVAL OF IMPACTED WAX MD
175,G0402,INITIAL PREVENTIVE EXAM,INIT PREV PE LTD DUR 1ST 12 MOS MCR,,INITIAL PREVENTIVE EXAM
206,G0403,EKG FOR INITIAL PREVENT EXAM,ECG RTN ECG 12 LEADS 1ST PREV PE,,EKG FOR INITIAL PREVENT EXAM
227,G0404,EKG TRACING FOR INITIAL PREV,,,EKG TRACING FOR INITIAL PREV
16,G0438,"PPPS, INITIAL VISIT",ANNUAL WELLNES VST; PERSNL PPS INIT,,"PPPS, INITIAL VISIT"
39,G0439,"PPPS, SUBSEQ VISIT",ANNUAL WELLNESS VST; PPS SUBSQT VST,,"PPPS, SUBSEQ VISIT"
94,G0442,ANNUAL ALCOHOL SCREEN 15 MIN,,,ANNUAL ALCOHOL SCREEN 15 MIN
286,G0443,BRIEF ALCOHOL MISUSE COUNSEL,,,BRIEF ALCOHOL MISUSE COUNSEL
38,G0444,DEPRESSION SCREEN ANNUAL,ANNUAL DEPRESSION SCREENING 15 MIN,,DEPRESSION SCREEN ANNUAL
139,G0447,BEHAVIOR COUNSEL OBESITY 15M,,,BEHAVIOR COUNSEL OBESITY 15M
49,G0505,COG/FUNC ASSESSMENT  OUTPT,CF ASMT STD INST OFF/OTH OP/HOME,,COG/FUNC ASSESSMENT  OUTPT
103,G0506,COMP ASSES CARE PLAN CCM SVC,,,COMP ASSES CARE PLAN CCM SVC
115,G8978,MOBILITY CURRENT STATUS,,,MOBILITY CURRENT STATUS
112,G8979,MOBILITY GOAL STATUS,,,MOBILITY GOAL STATUS
113,G8980,MOBILITY D/C STATUS,,,MOBILITY D/C STATUS
253,G8981,BODY POS CURRENT STATUS,CHNG&MAINT BDY PSTN FCN LIM REP INT,,BODY POS CURRENT STATUS
254,G8982,BODY POS GOAL STATUS,,,BODY POS GOAL STATUS
270,G8983,BODY POS D/C STATUS,,,BODY POS D/C STATUS
271,G8984,CARRY CURRENT STATUS,,,CARRY CURRENT STATUS
193,G8985,CARRY GOAL STATUS,,,CARRY GOAL STATUS
290,G8986,CARRY D/C STATUS,,,CARRY D/C STATUS
214,INTCM,0,,,
210,J0171,ADRENALIN EPINEPHRINE INJECT,,,ADRENALIN EPINEPHRINE INJECT
22,J0561,PENICILLIN G BENZATHINE INJ,INJECTION PCN G BENZ 100000 UNITS,,PENICILLIN G BENZATHINE INJ
141,J0696,CEFTRIAXONE SODIUM INJECTION,,,CEFTRIAXONE SODIUM INJECTION
173,J0702,BETAMETHASONE ACET&SOD PHOSP,,,BETAMETHASONE ACET&SOD PHOSP
67,J0715,CEFTIZOXIME SODIUM / 500 MG,INJ CEFTIZOXIME SODIUM PER 500 MG,,CEFTIZOXIME SODIUM / 500 MG
66,J0897,DENOSUMAB INJECTION,INJECTION DENOSUMAB 1 MG,,DENOSUMAB INJECTION
96,J1020,METHYLPREDNISOLONE 20 MG INJ,INJ METHYLPRDNISOLONE ACTAT 20 MG,,METHYLPREDNISOLONE 20 MG INJ
13,J1030,METHYLPREDNISOLONE 40 MG INJ,INJ METHYLPRDNISOLONE ACTAT 40 MG,,METHYLPREDNISOLONE 40 MG INJ
78,J1040,METHYLPREDNISOLONE 80 MG INJ,INJ METHYLPRDNISOLONE ACTAT 80 MG,,METHYLPREDNISOLONE 80 MG INJ
109,J1071,INJ TESTOSTERONE CYPIONATE,INJ TESTOSTERONE CYPIONATE 1 MG,,INJ TESTOSTERONE CYPIONATE
250,J1094,INJ DEXAMETHASONE ACETATE,,,INJ DEXAMETHASONE ACETATE
3,J1100,DEXAMETHASONE SODIUM PHOS,INJ DEXMETHOSON SODIM PHOSHATE 1 MG,,DEXAMETHASONE SODIUM PHOS
248,J1200,DIPHENHYDRAMINE HCL INJECTIO,,,DIPHENHYDRAMINE HCL INJECTIO
73,J1885,KETOROLAC TROMETHAMINE INJ,INJ KETOROLAC TROMETHAMINE 15 MG,,KETOROLAC TROMETHAMINE INJ
133,J1940,FUROSEMIDE INJECTION,,,FUROSEMIDE INJECTION
263,J2001,LIDOCAINE INJECTION,,,LIDOCAINE INJECTION
196,J2405,ONDANSETRON HCL INJECTION,,,ONDANSETRON HCL INJECTION
147,J2680,FLUPHENAZINE DECANOATE 25 MG,,,FLUPHENAZINE DECANOATE 25 MG
194,J2930,METHYLPREDNISOLONE INJECTION,,,METHYLPREDNISOLONE INJECTION
165,J3301,TRIAMCINOLONE ACET INJ NOS,INJ TRIAMCINOLON ACETONID NOS 10 MG,,TRIAMCINOLONE ACET INJ NOS
75,J3420,VITAMIN B12 INJECTION,INJ VIT B-12 CYNOCOBLMN TO 1000 MCG,,VITAMIN B12 INJECTION
225,J7325,SYNVISC OR SYNVISC-ONE,,,SYNVISC OR SYNVISC-ONE
69,J7613,ALBUTEROL NON-COMP UNIT,,,ALBUTEROL NON-COMP UNIT
212,J7620,ALBUTEROL IPRATROP NON-COMP,,,ALBUTEROL IPRATROP NON-COMP
174,L3300,SHO LIFT TAPER TO METATARSAL,,,SHO LIFT TAPER TO METATARSAL
269,L3908,WHO COCK-UP NONMOLDE PRE OTS,,,WHO COCK-UP NONMOLDE PRE OTS
235,L4386,NON-PNEUM WALK BOOT PRE CST,,,NON-PNEUM WALK BOOT PRE CST
249,MIDLV,0,,,
101,NURSH,0,,,
50,PHARM,0,,,
102,PHRHV,0,,,
126,PRISK,0,,,
125,PSAFE,0,,,
124,PTHER,0,,,
85,Q0091,OBTAINING SCREEN PAP SMEAR,,,OBTAINING SCREEN PAP SMEAR
241,Q2037,"FLUVIRIN VACC, 3 YRS & >, IM",,,"FLUVIRIN VACC, 3 YRS & >, IM"
87,Q2038,"FLUZONE VACC, 3 YRS & >, IM",FLU VACC SPLIT 3 YRS & > IM FLUZONE,,"FLUZONE VACC, 3 YRS & >, IM"
256,S0630,REMOVAL OF SUTURES,,,REMOVAL OF SUTURES
20,WELLE,0,,,
