cpt,short_description,long_description,full_description
76942,ECHO GUIDE FOR BIOPSY,US GUIDANCE NEEDLE PLACEMENT IMG S&I,"Ultrasonic guidance for needle placement (eg, biopsy, aspiration, injection, localization device), imaging supervision and interpretation"
99214,OFFICE/OUTPATIENT VISIT EST,OFFICE OUTPATIENT VISIT 25 MINUTES,"Office or other outpatient visit for the evaluation and management of an established patient, which requires at least 2 of these 3 key components: A detailed history; A detailed examination; Medical decision making of moderate complexity. Counseling and/or coordination of care with other physicians, other qualified health care professionals, or agencies are provided consistent with the nature of the problem(s) and the patient's and/or family's needs. Usually, the presenting problem(s) are of moderate to high severity. Typically, 25 minutes are spent face-to-face with the patient and/or family."
20605,DRAIN/INJ JOINT/BURSA W/O US,ARTHROCENTESIS ASPIR&/INJ INTERM JT/BURS W/O US,"Arthrocentesis, aspiration and/or injection, intermediate joint or bursa (eg, temporomandibular, acromioclavicular, wrist, elbow or ankle, olecranon bursa); without ultrasound guidance"
J1100,INJ DEXMETHOSON SODIM PHOSHATE 1 MG,INJECTION DEXAMETHOSONE SODIUM PHOSPHATE 1 MG,"Injection, dexamethasone sodium phosphate, 1 mg"
99397,PER PM REEVAL EST PAT 65+ YR,PERIODIC PREVENTIVE MED EST PATIENT 65YRS& OLDER,"Periodic comprehensive preventive medicine reevaluation and management of an individual including an age and gender appropriate history, examination, counseling/anticipatory guidance/risk factor reduction interventions, and the ordering of laboratory/diagnostic procedures, established patient; 65 years and older"
99213,OFFICE/OUTPATIENT VISIT EST,OFFICE OUTPATIENT VISIT 15 MINUTES,"Office or other outpatient visit for the evaluation and management of an established patient, which requires at least 2 of these 3 key components: An expanded problem focused history; An expanded problem focused examination; Medical decision making of low complexity. Counseling and coordination of care with other physicians, other qualified health care professionals, or agencies are provided consistent with the nature of the problem(s) and the patient's and/or family's needs. Usually, the presenting problem(s) are of low to moderate severity. Typically, 15 minutes are spent face-to-face with the patient and/or family."
G0179,PHYS RE-CERT MCR-COVR HOM HLTH SRVC,PHYS RE-CERT MCR-COVR HOM HLTH SRVC RE-CERT PRD,"Physician re-certification for Medicare-covered home health services under a home health plan of care (patient not present), including contacts with home health agency and review of reports of patient status required by physicians to affirm the initial implementation of the plan of care that meets patient's needs, per re-certification period"
83036,GLYCOSYLATED HEMOGLOBIN TEST,HEMOGLOBIN GLYCOSYLATED A1C,Hemoglobin; glycosylated (A1C)
90670,PCV13 VACCINE IM,PCV13 VACCINE FOR INTRAMUSCULAR USE,"Pneumococcal conjugate vaccine, 13 valent (PCV13), for intramuscular use"
G0009,ADMINISTRATION PNEUMOCOCCAL VACC,ADMINISTRATION OF PNEUMOCOCCAL VACCINE,Administration of pneumococcal vaccine
93000,ELECTROCARDIOGRAM COMPLETE,ECG ROUTINE ECG W/LEAST 12 LDS W/I&R,"Electrocardiogram, routine ECG with at least 12 leads; with interpretation and report"
99215,OFFICE/OUTPATIENT VISIT EST,OFFICE OUTPATIENT VISIT 40 MINUTES,"Office or other outpatient visit for the evaluation and management of an established patient, which requires at least 2 of these 3 key components: A comprehensive history; A comprehensive examination; Medical decision making of high complexity. Counseling and/or coordination of care with other physicians, other qualified health care professionals, or agencies are provided consistent with the nature of the problem(s) and the patient's and/or family's needs. Usually, the presenting problem(s) are of moderate to high severity. Typically, 40 minutes are spent face-to-face with the patient and/or family."
99205,OFFICE/OUTPATIENT VISIT NEW,OFFICE OUTPATIENT NEW 60 MINUTES,"Office or other outpatient visit for the evaluation and management of a new patient, which requires these 3 key components: A comprehensive history; A comprehensive examination; Medical decision making of high complexity. Counseling and/or coordination of care with other physicians, other qualified health care professionals, or agencies are provided consistent with the nature of the problem(s) and the patient's and/or family's needs. Usually, the presenting problem(s) are of moderate to high severity. Typically, 60 minutes are spent face-to-face with the patient and/or family."
J1030,INJ METHYLPRDNISOLONE ACTAT 40 MG,INJECTION METHYLPREDNISOLONE ACETATE 40 MG,"Injection, methylprednisolone acetate, 40 mg"
96372,THER/PROPH/DIAG INJ SC/IM,THERAPEUTIC PROPHYLACTIC/DX INJECTION SUBQ/IM,"Therapeutic, prophylactic, or diagnostic injection (specify substance or drug); subcutaneous or intramuscular"
20610,DRAIN/INJ JOINT/BURSA W/O US,ARTHROCENTESIS ASPIR&/INJ MAJOR JT/BURSA W/O US,"Arthrocentesis, aspiration and/or injection, major joint or bursa (eg, shoulder, hip, knee, subacromial bursa); without ultrasound guidance"
G0438,ANNUAL WELLNES VST; PERSNL PPS INIT,ANNUAL WELLNESS VISIT; PERSONALIZ PPS INIT VISIT,"Annual wellness visit; includes a personalized prevention plan of service (PPS), initial visit"
81002,URINALYSIS NONAUTO W/O SCOPE,URNLS DIP STICK/TABLET RGNT NON-AUTO W/O MICRSCP,"Urinalysis, by dip stick or tablet reagent for bilirubin, glucose, hemoglobin, ketones, leukocytes, nitrite, pH, protein, specific gravity, urobilinogen, any number of these constituents; non-automated, without microscopy"
90686,IIV4 VACC NO PRSV 0.5 ML IM,IIV4 VACC PRESRV FREE 0.5 ML DOS FOR IM USE,"Influenza virus vaccine, quadrivalent (IIV4), split virus, preservative free, 0.5 mL dosage, for intramuscular use"
G0008,ADMINISTRATION INFLUENZA VIRUS VACC,ADMINISTRATION OF INFLUENZA VIRUS VACCINE,Administration of influenza virus vaccine
WELLE,,,
90662,IIV NO PRSV INCREASED AG IM,IIV VACCINE PRESERV FREE INCREASED AG CONTENT IM,"Influenza virus vaccine (IIV), split virus, preservative free, enhanced immunogenicity via increased antigen content, for intramuscular use"
J0561,INJECTION PCN G BENZ 100000 UNITS,INJECTION PENICILLIN G BENZATHINE 100000 UNITS,"Injection, penicillin G benzathine, 100,000 units"
99203,OFFICE/OUTPATIENT VISIT NEW,OFFICE OUTPATIENT NEW 30 MINUTES,"Office or other outpatient visit for the evaluation and management of a new patient, which requires these 3 key components: A detailed history; A detailed examination; Medical decision making of low complexity. Counseling and/or coordination of care with other physicians, other qualified health care professionals, or agencies are provided consistent with the nature of the problem(s) and the patient's and/or family's needs. Usually, the presenting problem(s) are of moderate severity. Typically, 30 minutes are spent face-to-face with the patient and/or family."
G0180,PHYS CERT MCR-COVR HOM HLTH SRVC,PHYS CERT MCR-COVR HOM HLTH SRVC PER CERT PRD,"Physician certification for Medicare-covered home health services under a home health plan of care (patient not present), including contacts with home health agency and review of reports of patient status required by physicians to affirm the initial implementation of the plan of care that meets patient's needs, per certification period"
90732,PPSV23 VACC 2 YRS+ SUBQ/IM,PPSV23 VACCINE 2 YRS OR OLDER FOR SUBQ/IM USE,"Pneumococcal polysaccharide vaccine, 23-valent (PPSV23), adult or immunosuppressed patient dosage, when administered to individuals 2 years or older, for subcutaneous or intramuscular use"
90746,HEPB VACCINE 3 DOSE ADULT IM,HEPB VACCINE ADULT 3 DOSE SCHEDULE FOR IM USE,"Hepatitis B vaccine (HepB), adult dosage, 3 dose schedule, for intramuscular use"
90471,IMMUNIZATION ADMIN,IM ADM PRQ ID SUBQ/IM NJXS 1 VACCINE,"Immunization administration (includes percutaneous, intradermal, subcutaneous, or intramuscular injections); 1 vaccine (single or combination vaccine/toxoid)"
90632,HEP A VACCINE ADULT IM,HEPA VACCINE ADULT DOSE FOR INTRAMUSCULAR USE,"Hepatitis A vaccine (HepA), adult dosage, for intramuscular use"
90472,IMMUNIZATION ADMIN EACH ADD,IM ADM PRQ ID SUBQ/IM NJXS EA VACCINE,"Immunization administration (includes percutaneous, intradermal, subcutaneous, or intramuscular injections); each additional vaccine (single or combination vaccine/toxoid) (List separately in addition to code for primary procedure)"
69210,REMOVE IMPACTED EAR WAX UNI,REMOVAL IMPACTED CERUMEN INSTRUMENTATION UNILAT,"Removal impacted cerumen requiring instrumentation, unilateral"
85610,PROTHROMBIN TIME,PROTHROMBIN TIME,Prothrombin time;
99374,HOME HEALTH CARE SUPERVISION,SUPVJ PT HOME HEALTH AGENCY MO 15-29 MINUTES,"Supervision of a patient under care of home health agency (patient not present) in home, domiciliary or equivalent environment (eg, Alzheimer's facility) requiring complex and multidisciplinary care modalities involving regular development and/or revision of care plans by that individual, review of subsequent reports of patient status, review of related laboratory and other studies, communication (including telephone calls) for purposes of assessment or care decisions with health care professional(s), family member(s), surrogate decision maker(s) (eg, legal guardian) and/or key caregiver(s) involved in patient's care, integration of new information into the medical treatment plan and/or adjustment of medical therapy, within a calendar month; 15-29 minutes"
99211,OFFICE/OUTPATIENT VISIT EST,OFFICE OUTPATIENT VISIT 5 MINUTES,"Office or other outpatient visit for the evaluation and management of an established patient, that may not require the presence of a physician or other qualified health care professional. Usually, the presenting problem(s) are minimal. Typically, 5 minutes are spent performing or supervising these services."
12345,,,
1126F,AMNT PAIN NOTED NONE PRSNT,PAIN SEVERITY QUANTIFIED NO PAIN PRESENT,Pain severity quantified; no pain present (COA) (ONC)
3078F,DIAST BP <80 MM HG,MOST RECENT DIASTOLIC BLOOD PRESSURE < 80 MM HG,"Most recent diastolic blood pressure less than 80 mm Hg (HTN, CKD, CAD) (DM)"
3077F,SYST BP >/= 140 MM HG,MOST RECENT SYSTOLIC BLOOD PRES>/EQUAL 140 MM HG,"Most recent systolic blood pressure greater than or equal to 140 mm Hg (HTN, CKD, CAD) (DM)"
G0444,ANNUAL DEPRESSION SCREENING 15 MIN,ANNUAL DEPRESSION SCREENING 15 MINUTES,"Annual depression screening, 15 minutes"
G0439,ANNUAL WELLNESS VST; PPS SUBSQT VST,ANNUAL WELLNESS VST; PERSONALIZED PPS SUBSQT VST,"Annual wellness visit, includes a personalized prevention plan of service (PPS), subsequent visit"
99202,OFFICE/OUTPATIENT VISIT NEW,OFFICE OUTPATIENT NEW 20 MINUTES,"Office or other outpatient visit for the evaluation and management of a new patient, which requires these 3 key components: An expanded problem focused history; An expanded problem focused examination; Straightforward medical decision making. Counseling and/or coordination of care with other physicians, other qualified health care professionals, or agencies are provided consistent with the nature of the problem(s) and the patient's and/or family's needs. Usually, the presenting problem(s) are of low to moderate severity. Typically, 20 minutes are spent face-to-face with the patient and/or family."
90715,TDAP VACCINE 7 YRS/> IM,TDAP VACCINE 7 YRS/> IM,"Tetanus, diphtheria toxoids and acellular pertussis vaccine (Tdap), when administered to individuals 7 years or older, for intramuscular use"
3074F,SYST BP LT 130 MM HG,MOST RECENT SYSTOLIC BLOOD PRESSURE <130 MM HG,"Most recent systolic blood pressure less than 130 mm Hg (DM), (HTN, CKD, CAD)"
3044F,HG A1C LEVEL LT 7.0%,MOST RECENT HEMOGLOBIN A1C LEVEL < 7.0%,Most recent hemoglobin A1c (HbA1c) level less than 7.0% (DM)
3080F,DIAST BP >/= 90 MM HG,MOST RECENT DIASTOL BLOOD PRES >/EQUAL 90 MM HG,"Most recent diastolic blood pressure greater than or equal to 90 mm Hg (HTN, CKD, CAD) (DM)"
1125F,AMNT PAIN NOTED PAIN PRSNT,PAIN SEVERITY QUANTIFIED PAIN PRESENT,Pain severity quantified; pain present (COA) (ONC)
69209,REMOVE IMPACTED EAR WAX UNI,REMOVAL IMPACTED CERUMEN IRRIGATION/LVG UNILAT,"Removal impacted cerumen using irrigation/lavage, unilateral"
99407,BEHAV CHNG SMOKING > 10 MIN,TOBACCO USE CESSATION INTENSIVE >10 MINUTES,"Smoking and tobacco use cessation counseling visit; intensive, greater than 10 minutes"
3075F,SYST BP GE 130 - 139MM HG,MOST RECENT SYSTOLIC BLOOD PRESS 130-139MM HG,"Most recent systolic blood pressure 130-139 mm Hg (DM) (HTN, CKD, CAD)"
G0505,CF ASMT STD INST OFF/OTH OP/HOME,COGN & FUNCT ASMT USING STD INST OFF/OTH OP/HOME,"Cognition and functional assessment using standardized instruments with development of recorded care plan for the patient with cognitive impairment, history obtained from patient and/or caregiver, in office or other outpatient setting or home or domiciliary or rest home"
PHARM,,,
3045F,HG A1C LEVEL 7.0-9.0%,MOST RECENT HEMOGLOBIN A1C LEVEL GT 7.0-9.0 %,Most recent hemoglobin A1c (HbA1c) level 7.0-9.0% (DM)
98928,OSTEOPATH MANJ 7-8 REGIONS,OSTEOPATHIC MANIPULATIVE TX 7-8 BODY REGIONS,Osteopathic manipulative treatment (OMT); 7-8 body regions involved
98926,OSTEOPATH MANJ 3-4 REGIONS,OSTEOPATHIC MANIPULATIVE TX 3-4 BODY REGIONS,Osteopathic manipulative treatment (OMT); 3-4 body regions involved
94640,AIRWAY INHALATION TREATMENT,PRESSURIZED/NONPRESSURIZED INHALATION TREATMENT,"Pressurized or nonpressurized inhalation treatment for acute airway obstruction for therapeutic purposes and/or for diagnostic purposes such as sputum induction with an aerosol generator, nebulizer, metered dose inhaler or intermittent positive pressure breathing (IPPB) device"
94010,BREATHING CAPACITY TEST,SPMTRY W/VC EXPIRATORY FLO W/WO MXML VOL VNTJ,"Spirometry, including graphic record, total and timed vital capacity, expiratory flow rate measurement(s), with or without maximal voluntary ventilation"
3079F,DIAST BP 80-89 MM HG,MOST RECENT DIASTOLIC BLOOD PRESSURE 80-89 MM HG,"Most recent diastolic blood pressure 80-89 mm Hg (HTN, CKD, CAD) (DM)"
1159F,MED LIST DOCD IN RCRD,MEDICATION LIST DOCUMENTED IN MEDICAL RECORD,Medication list documented in medical record (COA)
99212,OFFICE/OUTPATIENT VISIT EST,OFFICE OUTPATIENT VISIT 10 MINUTES,"Office or other outpatient visit for the evaluation and management of an established patient, which requires at least 2 of these 3 key components: A problem focused history; A problem focused examination; Straightforward medical decision making. Counseling and/or coordination of care with other physicians, other qualified health care professionals, or agencies are provided consistent with the nature of the problem(s) and the patient's and/or family's needs. Usually, the presenting problem(s) are self limited or minor. Typically, 10 minutes are spent face-to-face with the patient and/or family."
90653,IIV ADJUVANT VACCINE IM,IIV ADJUVANTED VACCINE FOR INTRAMUSCULAR USE,"Influenza vaccine, inactivated (IIV), subunit, adjuvanted, for intramuscular use"
96127,BRIEF EMOTIONAL/BEHAV ASSMT,BEHAV ASSMT W/SCORE & DOCD/STAND INSTRUMENT,"Brief emotional/behavioral assessment (eg, depression inventory, attention-deficit/hyperactivity disorder [ADHD] scale), with scoring and documentation, per standardized instrument"
69200,CLEAR OUTER EAR CANAL,RMVL FB XTRNL AUDITORY CANAL W/O ANES,Removal foreign body from external auditory canal; without general anesthesia
99483,ASSMT & CARE PLN PT COG IMP,ASSMT & CARE PLANNING PT W/COGNITIVE IMPAIRMENT,"Assessment of and care planning for a patient with cognitive impairment, requiring an independent historian, in the office or other outpatient, home or domiciliary or rest home, with all of the following required elements: Cognition-focused evaluation including a pertinent history and examination; Medical decision making of moderate or high complexity; Functional assessment (eg, basic and instrumental activities of daily living), including decision-making capacity; Use of standardized instruments for staging of dementia (eg, functional assessment staging test [FAST], clinical dementia rating [CDR]); Medication reconciliation and review for high-risk medications; Evaluation for neuropsychiatric and behavioral symptoms, including depression, including use of standardized screening instrument(s); Evaluation of safety (eg, home), including motor vehicle operation; Identification of caregiver(s), caregiver knowledge, caregiver needs, social supports, and the willingness of caregiver to take on caregiving tasks; Development, updating or revision, or review of an Advance Care Plan; Creation of a written care plan, including initial plans to address any neuropsychiatric symptoms, neuro-cognitive symptoms, functional limitations, and referral to community resources as needed (eg, rehabilitation services, adult day programs, support groups) shared with the patient and/or caregiver with initial education and support. Typically, 50 minutes are spent face-to-face with the patient and/or family or caregiver."
99497,ADVNCD CARE PLAN 30 MIN,ADVANCE CARE PLANNING FIRST 30 MINS,"Advance care planning including the explanation and discussion of advance directives such as standard forms (with completion of such forms, when performed), by the physician or other qualified health care professional; first 30 minutes, face-to-face with the patient, family member(s), and/or surrogate"
99204,OFFICE/OUTPATIENT VISIT NEW,OFFICE OUTPATIENT NEW 45 MINUTES,"Office or other outpatient visit for the evaluation and management of a new patient, which requires these 3 key components: A comprehensive history; A comprehensive examination; Medical decision making of moderate complexity. Counseling and/or coordination of care with other physicians, other qualified health care professionals, or agencies are provided consistent with the nature of the problem(s) and the patient's and/or family's needs. Usually, the presenting problem(s) are of moderate to high severity. Typically, 45 minutes are spent face-to-face with the patient and/or family."
99387,INIT PM E/M NEW PAT 65+ YRS,INITIAL PREVENTIVE MEDICINE NEW PATIENT 65YRS&>,"Initial comprehensive preventive medicine evaluation and management of an individual including an age and gender appropriate history, examination, counseling/anticipatory guidance/risk factor reduction interventions, and the ordering of laboratory/diagnostic procedures, new patient; 65 years and older"
J0897,INJECTION DENOSUMAB 1 MG,INJECTION DENOSUMAB 1 MG,"Injection, denosumab, 1 mg"
J0715,INJ CEFTIZOXIME SODIUM PER 500 MG,INJECTION CEFTIZOXIME SODIUM PER 500 MG,"Injection, ceftizoxime sodium, per 500 mg"
3008F,BODY MASS INDEX DOCD,BODY MASS INDEX DOCUMENTED,"Body Mass Index (BMI), documented (PV)"
J7613,ALBUTEROL INHAL NON-CP U DOSE 1 MG,ALBUTEROL INHAL NON-CP PROD THRU DME U DOSE 1 MG,"Albuterol, inhalation solution, FDA-approved final product, noncompounded, administered through DME, unit dose, 1 mg"
99354,PROLONG E&M/PSYCTX SERV O/P,PROLNG E&M/PSYCTX SVC OFFICE O/P DIR CON 1ST HR,Prolonged evaluation and management or psychotherapy service(s) (beyond the typical service time of the primary procedure) in the office or other outpatient setting requiring direct patient contact beyond the usual service; first hour (List separately in addition to code for office or other outpatient Evaluation and Management or psychotherapy service)
98927,OSTEOPATH MANJ 5-6 REGIONS,OSTEOPATHIC MANIPULATIVE TX 5-6 BODY REGIONS,Osteopathic manipulative treatment (OMT); 5-6 body regions involved
98925,OSTEOPATH MANJ 1-2 REGIONS,OSTEOPATHIC MANIPULATIVE TX 1-2 BODY REGIONS,Osteopathic manipulative treatment (OMT); 1-2 body regions involved
J1885,INJ KETOROLAC TROMETHAMINE 15 MG,INJECTION KETOROLAC TROMETHAMINE PER 15 MG,"Injection, ketorolac tromethamine, per 15 mg"
10060,DRAINAGE OF SKIN ABSCESS,INCISION & DRAINAGE ABSCESS SIMPLE/SINGLE,"Incision and drainage of abscess (eg, carbuncle, suppurative hidradenitis, cutaneous or subcutaneous abscess, cyst, furuncle, or paronychia); simple or single"
J3420,INJ VIT B-12 CYNOCOBLMN TO 1000 MCG,INJECTION VIT B-12 CYANOCOBALAMIN TO 1000 MCG,"Injection, vitamin B-12 cyanocobalamin, up to 1,000 mcg"
87804,INFLUENZA ASSAY W/OPTIC,IAADIADOO INFLUENZA,Infectious agent antigen detection by immunoassay with direct optical observation; Influenza
93971,EXTREMITY STUDY,DUP-SCAN XTR VEINS UNILATERAL/LIMITED STUDY,Duplex scan of extremity veins including responses to compression and other maneuvers; unilateral or limited study
J1040,INJ METHYLPRDNISOLONE ACTAT 80 MG,INJECTION METHYLPREDNISOLONE ACETATE 80 MG,"Injection, methylprednisolone acetate, 80 mg"
20552,INJ TRIGGER POINT 1/2 MUSCL,INJECTION SINGLE/MLT TRIGGER POINT 1/2 MUSCLES,"Injection(s); single or multiple trigger point(s), 1 or 2 muscle(s)"
20551,INJ TENDON ORIGIN/INSERTION,INJECTION SINGLE TENDON ORIGIN/INSERTION,Injection(s); single tendon origin/insertion
81003,URINALYSIS AUTO W/O SCOPE,URNLS DIP STICK/TABLET RGNT AUTO W/O MICROSCOPY,"Urinalysis, by dip stick or tablet reagent for bilirubin, glucose, hemoglobin, ketones, leukocytes, nitrite, pH, protein, specific gravity, urobilinogen, any number of these constituents; automated, without microscopy"
17110,DESTRUCT B9 LESION 1-14,DESTRUCTION BENIGN LESIONS UP TO 14,"Destruction (eg, laser surgery, electrosurgery, cryosurgery, chemosurgery, surgical curettement), of benign lesions other than skin tags or cutaneous vascular proliferative lesions; up to 14 lesions"
94729,CO/MEMBANE DIFFUSE CAPACITY,CO DIFFUSING CAPACITY,"Diffusing capacity (eg, carbon monoxide, membrane) (List separately in addition to code for primary procedure)"
G0101,CERV/VAG CANCR SCR;PELV&CLN BRST EX,CERV/VAGINAL CANCER SCR; PELV&CLIN BREAST EXAM,Cervical or vaginal cancer screening; pelvic and clinical breast examination
Q0091,SCR PAP SMER; OBTAIN PREP&CONVY-LAB,SCREEN PAP SMEAR; OBTAIN PREP &C ONVEY TO LAB,"Screening Papanicolaou smear; obtaining, preparing and conveyance of cervical or vaginal smear to laboratory"
11719,TRIM NAIL(S) ANY NUMBER,TRIMMING NONDYSTROPHIC NAILS ANY NUMBER,"Trimming of nondystrophic nails, any number"
Q2038,FLU VACC SPLIT 3 YRS & > IM FLUZONE,INFLUENZA VACC SPLIT VIRUS 3 YRS & > IM FLUZONE,"Influenza virus vaccine, split virus, when administered to individuals 3 years of age and older, for intramuscular use (Fluzone)"
87210,SMEAR WET MOUNT SALINE/INK,SMR PRIM SRC WET MOUNT NFCT AGT,"Smear, primary source with interpretation; wet mount for infectious agents (eg, saline, India ink, KOH preps)"
83986,ASSAY PH BODY FLUID NOS,PH BODY FLUID NOT ELSEWHERE SPECIFIED,"pH; body fluid, not otherwise specified"
99080,SPECIAL REPORTS OR FORMS,SPEC REPORTS > USUAL MED COMUNICAJ/STAND RPRTG,"Special reports such as insurance forms, more than the information conveyed in the usual medical communications or standard reporting form"
82962,GLUCOSE BLOOD TEST,GLUC BLD GLUC MNTR DEV CLEARED FDA SPEC HOME USE,"Glucose, blood by glucose monitoring device(s) cleared by the FDA specifically for home use"
87880,STREP A ASSAY W/OPTIC,IAADIADOO STREPTOCOCCUS GROUP A,"Infectious agent antigen detection by immunoassay with direct optical observation; Streptococcus, group A"
96160,PT-FOCUSED HLTH RISK ASSMT,PT-FOCUSED HLTH RISK ASSMT SCORE DOC STND INSTRM,"Administration of patient-focused health risk assessment instrument (eg, health hazard appraisal) with scoring and documentation, per standardized instrument"
G0442,ANNUAL ALCOHOL MISUSE SCREEN 15 MIN,ANNUAL ALCOHOL MISUSE SCREENING 15 MINUTES,"Annual alcohol misuse screening, 15 minutes"
20600,DRAIN/INJ JOINT/BURSA W/O US,ARTHROCENTESIS ASPIR&/INJ SMALL JT/BURSA W/O US,"Arthrocentesis, aspiration and/or injection, small joint or bursa (eg, fingers, toes); without ultrasound guidance"
J1020,INJ METHYLPRDNISOLONE ACTAT 20 MG,INJECTION METHYLPREDNISOLONE ACETATE 20 MG,"Injection, methylprednisolone acetate, 20 mg"
20612,ASPIRATE/INJ GANGLION CYST,ASPIRATION&/INJECTION GANGLION CYST ANY LOCATJ,Aspiration and/or injection of ganglion cyst(s) any location
11402,EXC TR-EXT B9+MARG 1.1-2 CM,EXC B9 LESION MRGN XCP SK TG T/A/L 1.1-2.0 CM,"Excision, benign lesion including margins, except skin tag (unless listed elsewhere), trunk, arms or legs; excised diameter 1.1 to 2.0 cm"
A4550,SURGICAL TRAYS,SURGICAL TRAYS,Surgical trays
11200,REMOVAL OF SKIN TAGS <W/15,REMOVAL SKN TAGS MLT FIBRQ TAGS ANY AREA UPW/15,"Removal of skin tags, multiple fibrocutaneous tags, any area; up to and including 15 lesions"
NURSH,,,
PHRHV,,,
G0506,CMP ASMT & C PLN PT RQR CC MGMT SVC,COMP ASMT OF & CARE PLNG PT RQR CC MGMT SRVC,Comprehensive assessment of and care planning for patients requiring chronic care management services (list separately in addition to primary monthly care management service)
92552,PURE TONE AUDIOMETRY AIR,PURE TONE AUDIOMETRY AIR ONLY,Pure tone audiometry (threshold); air only
94664,EVALUATE PT USE OF INHALER,DEMO&/EVAL OF PT UTILIZ AERSL GEN/NEB/INHLR/IP,"Demonstration and/or evaluation of patient utilization of an aerosol generator, nebulizer, metered dose inhaler or IPPB device"
99355,PROLONG E&M/PSYCTX SERV O/P,PROLNG E&M/PSYCTX SVC OFFICE O/P DIR CON ADDL 30,Prolonged evaluation and management or psychotherapy service(s) (beyond the typical service time of the primary procedure) in the office or other outpatient setting requiring direct patient contact beyond the usual service; each additional 30 minutes (List separately in addition to code for prolonged service)
20550,INJ TENDON SHEATH/LIGAMENT,INJECTION 1 TENDON SHEATH/LIGAMENT APONEUROSIS,"Injection(s); single tendon sheath, or ligament, aponeurosis (eg, plantar ""fascia"")"
29700,REMOVAL/REVISION OF CAST,REMOVAL/BIVALVING GAUNTLET BOOT/BODY CAST,"Removal or bivalving; gauntlet, boot or body cast"
J1071,INJ TESTOSTERONE CYPIONATE 1 MG,INJECTION TESTOSTERONE CYPIONATE 1 MG,"Injection, testosterone cypionate, 1 mg"
11100,BIOPSY SKIN LESION,BIOPSY SKIN LESION,BIOPSY SKIN LESION
97110,THERAPEUTIC EXERCISES,THERAPEUTIC PX 1/> AREAS EACH 15 MIN EXERCISES,"Therapeutic procedure, 1 or more areas, each 15 minutes; therapeutic exercises to develop strength and endurance, range of motion and flexibility"
G8979,MOB: WALK MOV AROUND FCN LIM GOAL,MOB: WALK MOV ARND FCN LIM GOAL REP INTRVL&D/C,"Mobility: walking and moving around functional limitation, projected goal status, at therapy episode outset, at reporting intervals, and at discharge or to end reporting"
G8980,MOB:WLK&MOV ARND FCN LIM D/C AT D/C,MOB:WALK&MOV ARND FUNC LIM D/C AT D/C TX/END REP,"Mobility: walking and moving around functional limitation, discharge status, at discharge from therapy or to end reporting"
97163,PT EVAL HIGH COMPLEX 45 MIN,PHYSICAL THERAPY EVALUATION HIGH COMPLEX 45 MINS,"Physical therapy evaluation: high complexity, requiring these components: A history of present problem with 3 or more personal factors and/or comorbidities that impact the plan of care; An examination of body systems using standardized tests and measures addressing a total of 4 or more elements from any of the following: body structures and functions, activity limitations, and/or participation restrictions; A clinical presentation with unstable and unpredictable characteristics; and Clinical decision making of high complexity using standardized patient assessment instrument and/or measurable assessment of functional outcome. Typically, 45 minutes are spent face-to-face with the patient and/or family."
G8978,MOB:WALK MOV ARND FCN LIM CUR STS,MOB:WALK MOV ARND FCN LIM TX OUTSET REP INTRVL,"Mobility: walking and moving around functional limitation, current status, at therapy episode outset and at reporting intervals"
86580,TB INTRADERMAL TEST,SKIN TEST TUBERCULOSIS INTRADERMAL,"Skin test; tuberculosis, intradermal"
99406,BEHAV CHNG SMOKING 3-10 MIN,TOBACCO USE CESSATION INTERMEDIATE 3-10 MINUTES,"Smoking and tobacco use cessation counseling visit; intermediate, greater than 3 minutes up to 10 minutes"
90688,IIV4 VACCINE SPLT 0.5 ML IM,IIV4 VACC SPLIT VIRUS 0.5 ML DOS FOR IM USE,"Influenza virus vaccine, quadrivalent (IIV4), split virus, 0.5 mL dosage, for intramuscular use"
1170F,FXNL STATUS ASSESSED,FUNCTIONAL STATUS ASSESSED,Functional status assessed (COA) (RA)
3046F,HEMOGLOBIN A1C LEVEL >9.0%,MOST RECENT HEMOGLOBIN A1C LEVEL >9.0%,Most recent hemoglobin A1c level greater than 9.0% (DM)
99000,SPECIMEN HANDLING OFFICE-LAB,HANDLG&/OR CONVEY OF SPEC FOR TR OFFICE TO LAB,Handling and/or conveyance of specimen for transfer from the office to a laboratory
CASEM,,,
90736,HZV VACCINE LIVE SUBQ,ZOSTER VACCINE HZV LIVE FOR SUBCUTANEOUS USE,"Zoster (shingles) vaccine (HZV), live, for subcutaneous injection"
PTHER,,,
PSAFE,,,
PRISK,,,
83037,GLYCOSYLATED HB HOME DEVICE,HGB GLYCOSYLATED DEVICE CLEARED FDA HOME USE,Hemoglobin; glycosylated (A1C) by device cleared by FDA for home use
97162,PT EVAL MOD COMPLEX 30 MIN,PHYSICAL THERAPY EVALUATION MOD COMPLEX 30 MINS,"Physical therapy evaluation: moderate complexity, requiring these components: A history of present problem with 1-2 personal factors and/or comorbidities that impact the plan of care; An examination of body systems using standardized tests and measures in addressing a total of 3 or more elements from any of the following: body structures and functions, activity limitations, and/or participation restrictions; An evolving clinical presentation with changing characteristics; and Clinical decision making of moderate complexity using standardized patient assessment instrument and/or measurable assessment of functional outcome. Typically, 30 minutes are spent face-to-face with the patient and/or family."
11301,SHAVE SKIN LESION 0.6-1.0 CM,SHVG SKIN LESION 1 TRUNK/ARM/LEG DIAM 0.6-1.0 CM,"Shaving of epidermal or dermal lesion, single lesion, trunk, arms or legs; lesion diameter 0.6 to 1.0 cm"
11306,SHAVE SKIN LESION 0.6-1.0 CM,SHAVING SKIN LESION 1 S/N/H/F/G DIAM 0.6-1.0 CM,"Shaving of epidermal or dermal lesion, single lesion, scalp, neck, hands, feet, genitalia; lesion diameter 0.6 to 1.0 cm"
93005,ELECTROCARDIOGRAM TRACING,ECG ROUTINE ECG W/LEAST 12 LDS TRCG ONLY W/O I&R,"Electrocardiogram, routine ECG with at least 12 leads; tracing only, without interpretation and report"
77080,DXA BONE DENSITY AXIAL,DXA BONE DENSITY STUDY 1/> SITES AXIAL SKEL,"Dual-energy X-ray absorptiometry (DXA), bone density study, 1 or more sites; axial skeleton (eg, hips, pelvis, spine)"
J1940,INJECTION FUROSEMIDE UP TO 20 MG,INJECTION FUROSEMIDE UP TO 20 MG,"Injection, furosemide, up to 20 mg"
62311,INJECT SPINE LUMBAR/SACRAL,INJECT SPINE LUMBAR/SACRAL,INJECT SPINE LUMBAR/SACRAL
97164,PT RE-EVAL EST PLAN CARE,PHYSICAL THERAPY RE-EVAL EST PLAN CARE 20 MINS,"Re-evaluation of physical therapy established plan of care, requiring these components: An examination including a review of history and use of standardized tests and measures is required; and Revised plan of care using a standardized patient assessment instrument and/or measurable assessment of functional outcome Typically, 20 minutes are spent face-to-face with the patient and/or family."
97116,GAIT TRAINING THERAPY,THER PX 1/> AREAS EA 15 MIN GAIT TRAING W/STAIR,"Therapeutic procedure, 1 or more areas, each 15 minutes; gait training (includes stair climbing)"
97530,THERAPEUTIC ACTIVITIES,THERAPEUT ACTVITY DIRECT PT CONTACT EACH 15 MIN,"Therapeutic activities, direct (one-on-one) patient contact (use of dynamic activities to improve functional performance), each 15 minutes"
97112,NEUROMUSCULAR REEDUCATION,THER PX 1/> AREAS EACH 15 MIN NEUROMUSC REEDUCA,"Therapeutic procedure, 1 or more areas, each 15 minutes; neuromuscular reeducation of movement, balance, coordination, kinesthetic sense, posture, and/or proprioception for sitting and/or standing activities"
G0447,FCE-FCE BEHAVRL CNSL OBESITY 15 MIN,FACE--FACE BEHAVIORAL COUNSELING OBESITY 15 MIN,"Face-to-face behavioral counseling for obesity, 15 minutes"
82272,OCCULT BLD FECES 1-3 TESTS,BLOOD OCCULT PEROXIDASE ACTV QUAL FECES 1-3 SPEC,"Blood, occult, by peroxidase activity (eg, guaiac), qualitative, feces, 1-3 simultaneous determinations, performed for other than colorectal neoplasm screening"
J0696,INJ CEFTRIAXONE SODIUM PER 250 MG,INJECTION CEFTRIAXONE SODIUM PER 250 MG,"Injection, ceftriaxone sodium, per 250 mg"
97161,PT EVAL LOW COMPLEX 20 MIN,PHYSICAL THERAPY EVALUATION LOW COMPLEX 20 MINS,"Physical therapy evaluation: low complexity, requiring these components: A history with no personal factors and/or comorbidities that impact the plan of care; An examination of body system(s) using standardized tests and measures addressing 1-2 elements from any of the following: body structures and functions, activity limitations, and/or participation restrictions; A clinical presentation with stable and/or uncomplicated characteristics; and Clinical decision making of low complexity using standardized patient assessment instrument and/or measurable assessment of functional outcome. Typically, 20 minutes are spent face-to-face with the patient and/or family."
11056,TRIM SKIN LESIONS 2 TO 4,PARING/CUTTING BENIGN HYPERKERATOTIC LESION 2-4,"Paring or cutting of benign hyperkeratotic lesion (eg, corn or callus); 2 to 4 lesions"
11750,REMOVAL OF NAIL BED,EXCISION NAIL MATRIX PERMANENT REMOVAL,"Excision of nail and nail matrix, partial or complete (eg, ingrown or deformed nail), for permanent removal;"
90756,CCIIV4 VACC ABX FREE IM,CCIIV4 VACCINE ANTIBIOTIC FREE 0.5 ML DOS IM USE,"Influenza virus vaccine, quadrivalent (ccIIV4), derived from cell cultures, subunit, antibiotic free, 0.5mL dosage, for intramuscular use"
97597,RMVL DEVITAL TIS 20 CM/<,DEBRIDEMENT OPEN WOUND 20 SQ CM/<,"Debridement (eg, high pressure waterjet with/without suction, sharp selective debridement with scissors, scalpel and forceps), open wound, (eg, fibrin, devitalized epidermis and/or dermis, exudate, debris, biofilm), including topical application(s), wound assessment, use of a whirlpool, when performed and instruction(s) for ongoing care, per session, total wound(s) surface area; first 20 sq cm or less"
J2680,INJ FLUPHENAZINE DECANOATE TO 25 MG,INJECTION FLUPHENAZINE DECANOATE UP TO 25 MG,"Injection, fluphenazine decanoate, up to 25 mg"
93922,UPR/L XTREMITY ART 2 LEVELS,NON-INVAS PHYSIOLOGIC STD EXTREMITY ART 2 LEVEL,"Limited bilateral noninvasive physiologic studies of upper or lower extremity arteries, (eg, for lower extremity: ankle/brachial indices at distal posterior tibial and anterior tibial/dorsalis pedis arteries plus bidirectional, Doppler waveform recording and analysis at 1-2 levels, or ankle/brachial indices at distal posterior tibial and anterior tibial/dorsalis pedis arteries plus volume plethysmography at 1-2 levels, or ankle/brachial indices at distal posterior tibial and anterior tibial/dorsalis pedis arteries with, transcutaneous oxygen tension measurement at 1-2 levels)"
1157F,ADVNC CARE PLAN IN RCRD,ADVNC CARE PLAN OR EQV LGL DOC IN MED RCRD,Advance care plan or similar legal document present in the medical record (COA)
CCMRX,,,
G0010,ADMINISTRATION HEPATITIS B VACCINE,ADMINISTRATION OF HEPATITIS B VACCINE,Administration of hepatitis B vaccine
99496,TRANS CARE MGMT 7 DAY DISCH,TRANSITIONAL CARE MANAGE SRVC 7 DAY DISCHARGE,"Transitional Care Management Services with the following required elements: Communication (direct contact, telephone, electronic) with the patient and/or caregiver within 2 business days of discharge Medical decision making of high complexity during the service period Face-to-face visit, within 7 calendar days of discharge"
20611,DRAIN/INJ JOINT/BURSA W/US,ARTHROCENTESIS ASPIR&/INJ MAJOR JT/BURSA W/US,"Arthrocentesis, aspiration and/or injection, major joint or bursa (eg, shoulder, hip, knee, subacromial bursa); with ultrasound guidance, with permanent recording and reporting"
11307,SHAVE SKIN LESION 1.1-2.0 CM,SHAVING SKIN LESION 1 S/N/H/F/G DIAM 1.1-2.0 CM,"Shaving of epidermal or dermal lesion, single lesion, scalp, neck, hands, feet, genitalia; lesion diameter 1.1 to 2.0 cm"
27096,INJECT SACROILIAC JOINT,INJECT SI JOINT ARTHRGRPHY&/ANES/STEROID W/IMA,"Injection procedure for sacroiliac joint, anesthetic/steroid, with image guidance (fluoroscopy or CT) including arthrography when performed"
3120F,12-LEAD ECG PERFORMED,12-LEAD ECG PERFORMED,12-Lead ECG Performed (EM)
82274,ASSAY TEST FOR BLOOD FECAL,BLOOD OCCULT FECAL HGB DETER IA QUAL FECES 1-3,"Blood, occult, by fecal hemoglobin determination by immunoassay, qualitative, feces, 1-3 simultaneous determinations"
BILREC,,,
87400,INFLUENZA A/B AG IA,IAAD IA INFLUENZA A/B EACH,"Infectious agent antigen detection by immunoassay technique, (eg, enzyme immunoassay [EIA], enzyme-linked immunosorbent assay [ELISA], immunochemiluminometric assay [IMCA]) qualitative or semiquantitative, multiple-step method; Influenza, A or B, each"
90834,PSYTX W PT 45 MINUTES,PSYCHOTHERAPY W/PATIENT 45 MINUTES,"Psychotherapy, 45 minutes with patient"
99024,POSTOP FOLLOW-UP VISIT,POSTOP FOLLOW UP VISIT RELATED TO ORIGINAL PX,"Postoperative follow-up visit, normally included in the surgical package, to indicate that an evaluation and management service was performed during a postoperative period for a reason(s) related to the original procedure"
64405,NJX AA&/STRD GR OCPL NRV,INJECTION AA&/STRD GREATER OCCIPITAL NERVE,"Injection(s), anesthetic agent(s) and/or steroid; greater occipital nerve"
G0127,TRIM DYSTROPHIC NAILS ANY NUMBER,TRIMMING OF DYSTROPHIC NAILS ANY NUMBER,"Trimming of dystrophic nails, any number"
82270,OCCULT BLOOD FECES,BLOOD OCCULT PEROXIDASE ACTV QUAL FECES 1 DETER,"Blood, occult, by peroxidase activity (eg, guaiac), qualitative; feces, consecutive collected specimens with single determination, for colorectal neoplasm screening (ie, patient was provided 3 cards or single triple card for consecutive collection)"
J3301,INJ TRIAMCINOLON ACETONID NOS 10 MG,INJECTION TRIAMCINOLONE ACETONIDE NOS 10 MG,"Injection, triamcinolone acetonide, not otherwise specified, 10 mg"
88164,CYTOPATH TBS C/V MANUAL,CYTP SLIDES CERV/VAG MNL SCRN PHYSICIAN SUPV,"Cytopathology, slides, cervical or vaginal (the Bethesda System); manual screening under physician supervision"
11401,EXC TR-EXT B9+MARG 0.6-1 CM,EXC B9 LESION MRGN XCP SK TG T/A/L 0.6-1.0 CM,"Excision, benign lesion including margins, except skin tag (unless listed elsewhere), trunk, arms or legs; excised diameter 0.6 to 1.0 cm"
99498,ADVNCD CARE PLAN ADDL 30 MIN,ADVANCE CARE PLANNING EA ADDL 30 MINS,"Advance care planning including the explanation and discussion of advance directives such as standard forms (with completion of such forms, when performed), by the physician or other qualified health care professional; each additional 30 minutes (List separately in addition to code for primary procedure)"
99490,CHRON CARE MGMT SRVC 20 MIN,CHRON CARE MANAGEMENT SRVC 20 MIN PER MONTH,"Chronic care management services, at least 20 minutes of clinical staff time directed by a physician or other qualified health care professional, per calendar month, with the following required elements: multiple (two or more) chronic conditions expected to last at least 12 months, or until the death of the patient; chronic conditions place the patient at significant risk of death, acute exacerbation/decompensation, or functional decline; comprehensive care plan established, implemented, revised, or monitored."
90674,CCIIV4 VAC NO PRSV 0.5 ML IM,CCIIV4 VACCINE PRESERVATIVE FREE 0.5 ML IM USE,"Influenza virus vaccine, quadrivalent (ccIIV4), derived from cell cultures, subunit, preservative and antibiotic free, 0.5 mL dosage, for intramuscular use"
11403,EXC TR-EXT B9+MARG 2.1-3CM,EXC B9 LESION MRGN XCP SK TG T/A/L 2.1-3.0 CM,"Excision, benign lesion including margins, except skin tag (unless listed elsewhere), trunk, arms or legs; excised diameter 2.1 to 3.0 cm"
11765,EXCISION OF NAIL FOLD TOE,WEDGE EXCISION SKIN NAIL FOLD,"Wedge excision of skin of nail fold (eg, for ingrown toenail)"
J0702,INJ BETAMETHASONE AC & PHOS  3 MG,INJ BETAMETHASONE ACETATE & PHOSPHATE 3 MG,"Injection, betamethasone acetate 3 mg and betamethasone sodium phosphate 3 mg"
L3300,LIFT ELEV HEEL TAPERED MTS PER INCH,LIFT ELEVATION HEEL TAPERED METATARSALS PER INCH,"Lift, elevation, heel, tapered to metatarsals, per in"
G0402,INIT PREV PE LTD DUR 1ST 12 MOS MCR,INIT PREV PE LTD NEW BENEF DUR 1ST 12 MOS MCR,"Initial preventive physical examination; face-to-face visit, services limited to new beneficiary during the first 12 months of Medicare enrollment"
11101,,,
17000,DESTRUCT PREMALG LESION,DESTRUCTION PREMALIGNANT LESION 1ST,"Destruction (eg, laser surgery, electrosurgery, cryosurgery, chemosurgery, surgical curettement), premalignant lesions (eg, actinic keratoses); first lesion"
17003,DESTRUCT PREMALG LES 2-14,DESTRUCTION PREMALIGNANT LESION 2-14 EA,"Destruction (eg, laser surgery, electrosurgery, cryosurgery, chemosurgery, surgical curettement), premalignant lesions (eg, actinic keratoses); second through 14 lesions, each (List separately in addition to code for first lesion)"
99244,OFFICE CONSULTATION,OFFICE CONSULTATION NEW/ESTAB PATIENT 60 MIN,"Office consultation for a new or established patient, which requires these 3 key components: A comprehensive history; A comprehensive examination; and Medical decision making of moderate complexity. Counseling and/or coordination of care with other physicians, other qualified health care professionals, or agencies are provided consistent with the nature of the problem(s) and the patient's and/or family's needs. Usually, the presenting problem(s) are of moderate to high severity. Typically, 60 minutes are spent face-to-face with the patient and/or family."
94618,PULMONARY STRESS TESTING,PULMONARY STRESS TESTING,"Pulmonary stress testing (eg, 6-minute walk test), including measurement of heart rate, oximetry, and oxygen titration, when performed"
11302,SHAVE SKIN LESION 1.1-2.0 CM,SHVG SKN LESION 1 TRUNK/ARM/LEG DIAM 1.1-2.0 CM,"Shaving of epidermal or dermal lesion, single lesion, trunk, arms or legs; lesion diameter 1.1 to 2.0 cm"
77002,NEEDLE LOCALIZATION BY XRAY,FLUOROSCOPIC GUIDANCE NEEDLE PLACEMENT ADD ON,"Fluoroscopic guidance for needle placement (eg, biopsy, aspiration, injection, localization device) (List separately in addition to code for primary procedure)"
10040,ACNE SURGERY,ACNE SURGERY,"Acne surgery (eg, marsupialization, opening or removal of multiple milia, comedones, cysts, pustules)"
97140,MANUAL THERAPY 1/> REGIONS,MANUAL THERAPY TQS 1/> REGIONS EACH 15 MINUTES,"Manual therapy techniques (eg, mobilization/ manipulation, manual lymphatic drainage, manual traction), 1 or more regions, each 15 minutes"
93015,CARDIOVASCULAR STRESS TEST,CV STRS TST XERS&/OR RX CONT ECG W/SI&R,"Cardiovascular stress test using maximal or submaximal treadmill or bicycle exercise, continuous electrocardiographic monitoring, and/or pharmacological stress; with supervision, interpretation and report"
20604,DRAIN/INJ JOINT/BURSA W/US,ARTHROCNT ASPIR&/INJ SMALL JT/BURSAW/US REC RPRT,"Arthrocentesis, aspiration and/or injection, small joint or bursa (eg, fingers, toes); with ultrasound guidance, with permanent recording and reporting"
11055,TRIM SKIN LESION,PARING/CUTTING BENIGN HYPERKERATOTIC LESION 1,"Paring or cutting of benign hyperkeratotic lesion (eg, corn or callus); single lesion"
20606,DRAIN/INJ JOINT/BURSA W/US,ARTHROCENTESIS ASPIR&/INJ INTERM JT/BURS W/US,"Arthrocentesis, aspiration and/or injection, intermediate joint or bursa (eg, temporomandibular, acromioclavicular, wrist, elbow or ankle, olecranon bursa); with ultrasound guidance, with permanent recording and reporting"
CURBS,,,
20526,THER INJECTION CARP TUNNEL,INJECTION THERAPEUTIC CARPAL TUNNEL,"Injection, therapeutic (eg, local anesthetic, corticosteroid), carpal tunnel"
20615,TREATMENT OF BONE CYST,ASPIRATION & INJECTION TREATMENT BONE CYST,Aspiration and injection for treatment of bone cyst
11102,TANGNTL BX SKIN SINGLE LES,TANGENTIAL BIOPSY SKIN SINGLE LESION,"Tangential biopsy of skin (eg, shave, scoop, saucerize, curette); single lesion"
G8985,CAR MOV HDLG OBJ PROJ GOAL TX OUTST,CAR MOV HDLG OBJ PROJ GOAL TX OUTSET&REP INTRVL,"Carrying, moving and handling objects, projected goal status, at therapy episode outset, at reporting intervals, and at discharge or to end reporting"
J2930,INJ METHYLPRDNISLN SODIM  TO 125 MG,INJ METHYLPRDNISOLONE SODIUM SUCCNAT TO 125 MG,"Injection, methylprednisolone sodium succinate, up to 125 mg"
2028F,FOOT EXAM PERFORMED,FOOT EXAMINATION PERFORMED,"Foot examination performed (includes examination through visual inspection, sensory exam with monofilament, and pulse exam - report when any of the 3 components are completed) (DM)"
J2405,INJECTION ONDANSETRON HCL PER 1 MG,INJECTION ONDANSETRON HCL PER 1 MG,"Injection, ondansetron HCl, per 1 mg"
94060,EVALUATION OF WHEEZING,BRNCDILAT RSPSE SPMTRY PRE&POST-BRNCDILAT ADMN,"Bronchodilation responsiveness, spirometry as in 94010, pre- and post-bronchodilator administration"
99487,CMPLX CHRON CARE W/O PT VSIT,CMPLX CHRON CARE MGMT W/O PT VST 1ST HR PER MO,"Complex chronic care management services, with the following required elements: multiple (two or more) chronic conditions expected to last at least 12 months, or until the death of the patient, chronic conditions place the patient at significant risk of death, acute exacerbation/decompensation, or functional decline, establishment or substantial revision of a comprehensive care plan, moderate or high complexity medical decision making; 60 minutes of clinical staff time directed by a physician or other qualified health care professional, per calendar month"
92553,AUDIOMETRY AIR & BONE,PURE TONE AUDIOMETRY AIR & BONE,Pure tone audiometry (threshold); air and bone
99364,ANTICOAGULANT MGMT SUBSEQ,ANTICOAGULANT MGMT SUBSEQ,ANTICOAGULANT MGMT SUBSEQ
94620,,,
99058,OFFICE EMERGENCY CARE,SVC PRV EMER BASIS IN OFFICE DISRUPTING SVCS,"Service(s) provided on an emergency basis in the office, which disrupts other scheduled office services, in addition to basic service"
DIETH,,,
12031,INTMD RPR S/A/T/EXT 2.5 CM/<,REPAIR INTERMEDIATE S/A/T/E 2.5 CM/<,"Repair, intermediate, wounds of scalp, axillae, trunk and/or extremities (excluding hands and feet); 2.5 cm or less"
99173,VISUAL ACUITY SCREEN,SCREENING TEST VISUAL ACUITY QUANTITATIVE BILAT,"Screening test of visual acuity, quantitative, bilateral"
G0403,ECG RTN ECG 12 LEADS 1ST PREV PE,ECG RTN ECG W/12 LEADS SCR INIT PREVNTV PE W/I&R,"Electrocardiogram, routine ECG with 12 leads; performed as a screening for the initial preventive physical examination with interpretation and report"
10120,REMOVE FOREIGN BODY,INCISION & REMOVAL FOREIGN BODY SUBQ TISS SIMPLE,"Incision and removal of foreign body, subcutaneous tissues; simple"
11312,SHAVE SKIN LESION 1.1-2.0 CM,SHVG SKIN LESION 1 F/E/E/N/L/M DIAM 1.1-2.0 CM,"Shaving of epidermal or dermal lesion, single lesion, face, ears, eyelids, nose, lips, mucous membrane; lesion diameter 1.1 to 2.0 cm"
92551,PURE TONE HEARING TEST AIR,SCREENING TEST PURE TONE AIR ONLY,"Screening test, pure tone, air only"
J0171,INJ ADRENALIN EPINEPHRINE 0.1 MG,INJECTION ADRENALIN EPINEPHRINE 0.1 MG,"Injection, Adrenalin, epinephrine, 0.1 mg"
G0123,SCR CERV/VAG THIN LAY W/PHYS SUP,SCR CYTOPATH CERV/VAG SCR CYTOTECH UND PHYS SUPV,"Screening cytopathology, cervical or vaginal (any reporting system), collected in preservative fluid, automated thin layer preparation, screening by cytotechnologist under physician supervision"
J7620,ALBUTEROL TO 2.5 MG IPT TO 0.5 MG,ALBUTEROL TO 2.5 MG & IPRATROPIUM BROM TO 0.5 MG,"Albuterol, up to 2.5 mg and ipratropium bromide, up to 0.5 mg, FDA-approved final product, noncompounded, administered through DME"
20553,INJECT TRIGGER POINTS 3/>,INJECTION SINGLE/MLT TRIGGER POINT 3/> MUSCLES,"Injection(s); single or multiple trigger point(s), 3 or more muscles"
INTCM,,,
30901,CONTROL OF NOSEBLEED,CONTROL NASAL HEMORRHAGE ANTERIOR SIMPLE,"Control nasal hemorrhage, anterior, simple (limited cautery and/or packing) any method"
99201,OFFICE/OUTPATIENT VISIT NEW,OFFICE OUTPATIENT NEW 10 MINUTES,"Office or other outpatient visit for the evaluation and management of a new patient, which requires these 3 key components: A problem focused history; A problem focused examination; Straightforward medical decision making. Counseling and/or coordination of care with other physicians, other qualified health care professionals, or agencies are provided consistent with the nature of the problem(s) and the patient's and/or family's needs. Usually, the presenting problem(s) are self limited or minor. Typically, 10 minutes are spent face-to-face with the patient and/or family."
99489,CMPLX CHRON CARE ADDL 30 MIN,CMPLX CHRON CARE MGMT EA ADDL 30 MIN PER MONTH,"Complex chronic care management services, with the following required elements: multiple (two or more) chronic conditions expected to last at least 12 months, or until the death of the patient, chronic conditions place the patient at significant risk of death, acute exacerbation/decompensation, or functional decline, establishment or substantial revision of a comprehensive care plan, moderate or high complexity medical decision making; each additional 30 minutes of clinical staff time directed by a physician or other qualified health care professional, per calendar month (List separately in addition to code for primary procedure)"
A7003,ADMN SET SM VOL NONFILTR NEB DISPBL,ADMN SET SM VOL NONFILTR PNEUMAT NEBULIZR DISPBL,"Administration set, with small volume nonfiltered pneumatic nebulizer, disposable"
90847,FAMILY PSYTX W/PT 50 MIN,FAMILY PSYCHOTHERAPY W/PATIENT PRESENT 50 MINS,"Family psychotherapy (conjoint psychotherapy) (with patient present), 50 minutes"
76700,US EXAM ABDOM COMPLETE,US ABDOMINAL REAL TIME W/IMAGE DOCUMENTATION,"Ultrasound, abdominal, real time with image documentation; complete"
97032,ELECTRICAL STIMULATION,APPL MODALITY 1/> AREAS ELEC STIMJ EA 15 MIN,"Application of a modality to 1 or more areas; electrical stimulation (manual), each 15 minutes"
A4557,LEAD WIRES  PER PAIR,LEAD WIRES PER PAIR,"Lead wires (e.g., apnea monitor), per pair"
23931,DRAINAGE OF ARM BURSA,INCISION&DRAINAGE UPPER ARM/ELBOW BURSA,"Incision and drainage, upper arm or elbow area; bursa"
99495,TRANS CARE MGMT 14 DAY DISCH,TRANSITIONAL CARE MANAGE SRVC 14 DAY DISCHARGE,"Transitional Care Management Services with the following required elements: Communication (direct contact, telephone, electronic) with the patient and/or caregiver within 2 business days of discharge Medical decision making of at least moderate complexity during the service period Face-to-face visit, within 14 calendar days of discharge"
J7325,HYALURONAN/DERIV SYNVISC INJ 1 MG,HYALURONAN/DERIV SYNVISC/SYNVISC-ONE IA INJ 1 MG,"Hyaluronan or derivative, Synvisc or Synvisc-One, for intra-articular injection, 1 mg"
83518,IMMUNOASSAY DIPSTICK,IMMUNOASSAY ANALYTE QUAL/SEMIQUAL SINGLE STEP,"Immunoassay for analyte other than infectious agent antibody or infectious agent antigen; qualitative or semiquantitative, single step method (eg, reagent strip)"
G0404,ECG RTN ECG W/12 LEADS TRACING ONLY,ECG RTN ECG W/12 LEADS TRACING ONLY W/O I&R,"Electrocardiogram, routine ECG with 12 leads; tracing only, without interpretation and report, performed as a screening for the initial preventive physical examination"
51701,INSERT BLADDER CATHETER,INSJ NON-NDWELLG BLADDER CATHETER,"Insertion of non-indwelling bladder catheter (eg, straight catheterization for residual urine)"
17111,DESTRUCT LESION 15 OR MORE,DESTRUCTION BENIGN LESIONS 15/>,"Destruction (eg, laser surgery, electrosurgery, cryosurgery, chemosurgery, surgical curettement), of benign lesions other than skin tags or cutaneous vascular proliferative lesions; 15 or more lesions"
97750,PHYSICAL PERFORMANCE TEST,PHYSICAL PERFORMANCE TEST/MEAS W/REPRT EA 15 MIN,"Physical performance test or measurement (eg, musculoskeletal, functional capacity), with written report, each 15 minutes"
98929,OSTEOPATH MANJ 9-10 REGIONS,OSTEOPATHIC MANIPULATIVE TX 9-10 BODY REGIONS,Osteopathic manipulative treatment (OMT); 9-10 body regions involved
65220,REMOVE FOREIGN BODY FROM EYE,RMVL FB XTRNL EYE CORNEAL W/O SLIT LAMP,"Removal of foreign body, external eye; corneal, without slit lamp"
10061,DRAINAGE OF SKIN ABSCESS,INCISION & DRAINAGE ABSCESS COMPLICATED/MULTIPLE,"Incision and drainage of abscess (eg, carbuncle, suppurative hidradenitis, cutaneous or subcutaneous abscess, cyst, furuncle, or paronychia); complicated or multiple"
29425,APPLY SHORT LEG CAST,APPLICATION SHORT LEG CAST WALKING/AMBULATORY,Application of short leg cast (below knee to toes); walking or ambulatory type
L4386,WALK BOOT NON-PNEUMATIC PREFAB CSTM,WALKING BOOT NON-PNEUMATIC PREFAB CUSTOM FIT,"Walking boot, non-pneumatic, with or without joints, with or without interface material, prefabricated item that has been trimmed, bent, molded, assembled, or otherwise customized to fit a specific patient by an individual with expertise"
46611,ANOSCOPY,ANOSC RMVL 1 TUM POLYP/OTH LES SNARE TQ,"Anoscopy; with removal of single tumor, polyp, or other lesion by snare technique"
65210,REMOVE FOREIGN BODY FROM EYE,RMVL FB XTRNL EYE EMBED SCJNCL/SCLERAL NONPERFOR,"Removal of foreign body, external eye; conjunctival embedded (includes concretions), subconjunctival, or scleral nonperforating"
97535,SELF CARE MNGMENT TRAINING,SELF-CARE/HOME MGMT TRAINING EACH 15 MINUTES,"Self-care/home management training (eg, activities of daily living (ADL) and compensatory training, meal preparation, safety procedures, and instructions in use of assistive technology devices/adaptive equipment) direct one-on-one contact, each 15 minutes"
21011,EXC FACE LES SC <2 CM,EXCISION TUMOR SOFT TISS FACE/SCALP SUBQ <2CM,"Excision, tumor, soft tissue of face or scalp, subcutaneous; less than 2 cm"
11730,REMOVAL OF NAIL PLATE,AVULSION NAIL PLATE PARTIAL/COMPLETE SIMPLE 1,"Avulsion of nail plate, partial or complete, simple; single"
Q2037,FLU VACC SPLIT 3 YR & > IM FLUVIRIN,INFLUENZA VACC SPLIT VIRUS 3 YRS & > IM FLUVIRIN,"Influenza virus vaccine, split virus, when administered to individuals 3 years of age and older, for intramuscular use (FLUVIRIN)"
90630,FLU VACC IIV4 NO PRESERV ID,INFLUENZA VACC IIV4 SPLIT VIRUS PRSRV FREE ID,"Influenza virus vaccine, quadrivalent (IIV4), split virus, preservative free, for intradermal use"
CHRON,,,
76536,US EXAM OF HEAD AND NECK,US SOFT TISSUE HEAD & NECK REAL TIME IMGE DOCM,"Ultrasound, soft tissues of head and neck (eg, thyroid, parathyroid, parotid), real time with image documentation"
90707,MMR VACCINE SC,MEASLES MUMPS RUBELLA VIRUS VACCINE LIVE SUBQ,"Measles, mumps and rubella virus vaccine (MMR), live, for subcutaneous use"
96150,ASSESS HLTH/BEHAVE INIT,HLTH&BEHAVIOR ASSMT EA 15 MIN W/PT 1ST ASSMT,"Health and behavior assessment (eg, health-focused clinical interview, behavioral observations, psychophysiological monitoring, health-oriented questionnaires), each 15 minutes face-to-face with the patient; initial assessment"
94016,REVIEW PATIENT SPIROMETRY,PATIENT-INITIATED SPIROMETRIC PHYS/QHP R&I ONLY,Patient-initiated spirometric recording per 30-day period of time; review and interpretation only by a physician or other qualified health care professional
J1200,INJ DIPHENHYDRAMINE HCL TO 50 MG,INJECTION DIPHENHYDRAMINE HCL UP TO 50 MG,"Injection, diphenhydramine HCl, up to 50 mg"
MIDLV,,,
J1094,INJECTION DEXAMETHASONE ACTAT 1 MG,INJECTION DEXAMETHASONE ACETATE 1 MG,"Injection, dexamethasone acetate, 1 mg"
G0181,PHYS SUPV PT RECV MCR-COVR HOM HLTH,PHYS SUPV PT RECV MCR-COVR SRVC HOM HLTH AGCY,"Physician supervision of a patient receiving Medicare-covered services provided by a participating home health agency (patient not present) requiring complex and multidisciplinary care modalities involving regular physician development and/or revision of care plans, review of subsequent reports of patient status, review of laboratory and other studies, communication (including telephone calls) with other health care professionals involved in the patient's care, integration of new information into the medical treatment plan and/or adjustment of medical therapy, within a calendar month, 30 minutes or more"
G0268,REMV IMP CERUMN SAME DATE FUNCT TST,REMV IMP CERUMEN PHYS SAME DATE AUDIO FUNCT TST,Removal of impacted cerumen (one or both ears) by physician on same date of service as audiologic function testing
G8981,CHNG&MAINT BDY PSTN FCN LIM REP INT,CHNG MAINT BDY PSTN FCN LIM TX OUTSET REP INTRVL,"Changing and maintaining body position functional limitation, current status, at therapy episode outset and at reporting intervals"
G8982,CHNG&MAINT BDY PSTN FCN LIM PROJ GL,CHANG MAINT BDY PSTN FCN LIM PROJECTED GOAL STS,"Changing and maintaining body position functional limitation, projected goal status, at therapy episode outset, at reporting intervals, and at discharge or to end reporting"
96136,PSYCL/NRPSYC TST PHY/QHP 1ST,PSYL/NRPSYCL TST PHYS/QHP 2+ TST 1ST 30 MIN,"Psychological or neuropsychological test administration and scoring by physician or other qualified health care professional, two or more tests, any method; first 30 minutes"
S0630,REMV SUTURS; MD NOT MD WHO CLOS WND,RMV SUTURES; PHYS NOT PHYS WHO ORIGLY CLOS WND,Removal of sutures; by a physician other than the physician who originally closed the wound
11000,DEBRIDE INFECTED SKIN,DBRDMT EXTENSV ECZEMA/INFECT SKN UP 10% BDY SURF,Debridement of extensive eczematous or infected skin; up to 10% of body surface
11104,PUNCH BX SKIN SINGLE LESION,PUNCH BIOPSY SKIN SINGLE LESION,"Punch biopsy of skin (including simple closure, when performed); single lesion"
97001,PT EVALUATION,PT EVALUATION,PT EVALUATION
90882,ENVIRONMENTAL MANIPULATION,ENVIRONMENTAL IVNTJ MGMT PURPOSES PSYC PT,"Environmental intervention for medical management purposes on a psychiatric patient's behalf with agencies, employers, or institutions"
A6450,LT COMPRS BANDGE WDTH >/= 5 IN,LT COMPRS BANDGE ELAST WDTH >/= 5 IN PER YARD,"Light compression bandage, elastic, knitted/woven, width greater than or equal to 5 in, per yd"
90685,IIV4 VACC NO PRSV 0.25 ML IM,IIV4 VACC PRSRV FREE 0.25 ML DOS FOR IM USE,"Influenza virus vaccine, quadrivalent (IIV4), split virus, preservative free, 0.25 mL, for intramuscular use"
J2001,INJECTION LIDO HCL IV INFUS 10 MG,INJECTION LIDOCAINE HCL INTRAVENOUS INFUS 10 MG,"Injection, lidocaine HCl for intravenous infusion, 10 mg"
11303,SHAVE SKIN LESION >2.0 CM,SHVG SKIN LESION 1 TRUNK/ARM/LEG DIAM >2.0 CM,"Shaving of epidermal or dermal lesion, single lesion, trunk, arms or legs; lesion diameter over 2.0 cm"
62282,TREAT SPINAL CANAL LESION,INJX/INFUS NEUROLYT SBST EPIDURAL LUMBAR/SACRAL,"Injection/infusion of neurolytic substance (eg, alcohol, phenol, iced saline solutions), with or without other therapeutic substance; epidural, lumbar, sacral (caudal)"
12004,RPR S/N/AX/GEN/TRK7.6-12.5CM,SIMPLE RPR SCALP/NECK/AX/GENIT/TRUNK 7.6-12.5CM,"Simple repair of superficial wounds of scalp, neck, axillae, external genitalia, trunk and/or extremities (including hands and feet); 7.6 cm to 12.5 cm"
11300,SHAVE SKIN LESION 0.5 CM/<,SHAVING SKIN LESION 1 TRUNK/ARM/LEG DIAM 0.5CM/<,"Shaving of epidermal or dermal lesion, single lesion, trunk, arms or legs; lesion diameter 0.5 cm or less"
29125,APPLY FOREARM SPLINT,APPLICATION SHORT ARM SPLINT FOREARM-HAND STATIC,Application of short arm splint (forearm to hand); static
L3908,WRST HND ORTHOS CNTRL COCK-UP PRFAB,WRIST HAND ORTHOSIS EXT CONTROL COCK-UP PREFAB,"Wrist hand orthosis, wrist extension control cock-up, non molded, prefabricated, off-the-shelf"
G8983,CHNG&MAINT BDY POS F LIM D/C AT D/C,CHANGING&MAINT BODY POS FUNC LIM D/C TX/END REP,"Changing and maintaining body position functional limitation, discharge status, at discharge from therapy or to end reporting"
G8984,CAR MOV HDLG OBJ FCN LIM REP INT,CARRY MOV HANDLNG OBJ FCN LIM CUR TX REP INTRVL,"Carrying, moving and handling objects functional limitation, current status, at therapy episode outset and at reporting intervals"
82607,VITAMIN B-12,CYANOCOBALAMIN VITAMIN B-12,Cyanocobalamin (Vitamin B-12);
99491,CHRNC CARE MGMT SVC 30 MIN,CHRONIC CARE MGMT SVC AT LEAST 30 MIN PER MONTH,"Chronic care management services, provided personally by a physician or other qualified health care professional, at least 30 minutes of physician or other qualified health care professional time, per calendar month, with the following required elements: multiple (two or more) chronic conditions expected to last at least 12 months, or until the death of the patient; chronic conditions place the patient at significant risk of death, acute exacerbation/decompensation, or functional decline; comprehensive care plan established, implemented, revised, or monitored"
87220,TISSUE EXAM FOR FUNGI,TISS KOH SLIDE SAMPS SKN/HR/NLS FNGI/ECTOPARASIT,"Tissue examination by KOH slide of samples from skin, hair, or nails for fungi or ectoparasite ova or mites (eg, scabies)"
82947,ASSAY GLUCOSE BLOOD QUANT,GLUCOSE QUANTITATIVE BLOOD XCPT REAGENT STRIP,"Glucose; quantitative, blood (except reagent strip)"
10080,DRAINAGE OF PILONIDAL CYST,INCISION & DRAINAGE PILONIDAL CYST SIMPLE,Incision and drainage of pilonidal cyst; simple
90739,HEPB VACC 2 DOSE ADULT IM,HEPB VACCINE ADULT 2 DOSE SCHEDULE FOR IM USE,"Hepatitis B vaccine (HepB), adult dosage, 2 dose schedule, for intramuscular use"
15851,REMOVE SUTURES DIFF SURGEON,REMOVAL SUTURES UNDER ANESTHESIA OTHER SURGEON,"Removal of sutures under anesthesia (other than local), other surgeon"
76604,US EXAM CHEST,US CHEST REAL TIME W/IMAGE DOCUMENTATION,"Ultrasound, chest (includes mediastinum), real time with image documentation"
12001,RPR S/N/AX/GEN/TRNK 2.5CM/<,SIMPLE REPAIR SCALP/NECK/AX/GENIT/TRUNK 2.5CM/<,"Simple repair of superficial wounds of scalp, neck, axillae, external genitalia, trunk and/or extremities (including hands and feet); 2.5 cm or less"
99078,GROUP HEALTH EDUCATION,PHYS/QHP EDUCATION SVCS RENDERED PTS GRP SETTING,"Physician or other qualified health care professional qualified by education, training, licensure/regulation (when applicable) educational services rendered to patients in a group setting (eg, prenatal, obesity, or diabetic instructions)"
97035,ULTRASOUND THERAPY,APPL MODALITY 1/> AREAS ULTRASOUND EA 15 MIN,"Application of a modality to 1 or more areas; ultrasound, each 15 minutes"
11421,EXC H-F-NK-SP B9+MARG 0.6-1,EXC B9 LESION MRGN XCP SK TG S/N/H/F/G 0.6-1.0CM,"Excision, benign lesion including margins, except skin tag (unless listed elsewhere), scalp, neck, hands, feet, genitalia; excised diameter 0.6 to 1.0 cm"
90833,PSYTX W PT W E/M 30 MIN,PSYCHOTHERAPY W/PATIENT W/E&M SRVCS 30 MIN,"Psychotherapy, 30 minutes with patient when performed with an evaluation and management service (List separately in addition to the code for primary procedure)"
80299,QUANTITATIVE ASSAY DRUG,QUANTITATION DRUG NOT ELSEWHERE SPECIFIED,"Quantitation of therapeutic drug, not elsewhere specified"
G0443,BRF F/F BHVR CNSL ALC MISUSE 15 MIN,BRIEF FACE-FACE BEHAV CNSL ALCOHL MISUSE 15 MIN,"Brief face-to-face behavioral counseling for alcohol misuse, 15 minutes"
82271,OCCULT BLOOD OTHER SOURCES,BLOOD OCCULT PEROXIDASE ACTV QUAL OTHER SOURCES,"Blood, occult, by peroxidase activity (eg, guaiac), qualitative; other sources"
94200,LUNG FUNCTION TEST (MBC/MVV),MAX BREATHING CAPACITY MAXIMAL VOLUNTARY VENTJ,"Maximum breathing capacity, maximal voluntary ventilation"
99358,PROLONG SERVICE W/O CONTACT,PROLNG E/M SVC BEFORE&/AFTER DIR PT CARE 1ST HR,Prolonged evaluation and management service before and/or after direct patient care; first hour
G8986,CAR MOV HNLG OBJ F LIM D/C STS D/C,CARRY MOVING HAND OBJ FCN LIM D/C STS D/C TX/REP,"Carrying, moving and handling objects functional limitation, discharge status, at discharge from therapy or to end reporting"
76882,US LMTD JT/NONVASC XTR STRUX,US LMTD JOINT/OTH NONVASC XTR STRUX R-T W/IMG,"Ultrasound, limited, joint or other nonvascular extremity structure(s) (eg, joint space, peri-articular tendon[s], muscle[s], nerve[s], other soft tissue structure[s], or soft tissue mass[es]), real-time with image documentation"
58100,BIOPSY OF UTERUS LINING,ENDOMETRIAL BX W/WO ENDOCERVIX BX W/O DILAT SPX,"Endometrial sampling (biopsy) with or without endocervical sampling (biopsy), without cervical dilation, any method (separate procedure)"
93784,AMBL BP MNTR W/SOFTWARE,AMBULATORY BP MNTR W/SW 24 HR+ REC SCAN ALYS I&R,"Ambulatory blood pressure monitoring, utilizing report-generating software, automated, worn continuously for 24 hours or longer; including recording, scanning analysis, interpretation and report"
11740,DRAIN BLOOD FROM UNDER NAIL,EVACUATION SUBUNGUAL HEMATOMA,Evacuation of subungual hematoma
99245,OFFICE CONSULTATION,OFFICE CONSULTATION NEW/ESTAB PATIENT 80 MIN,"Office consultation for a new or established patient, which requires these 3 key components: A comprehensive history; A comprehensive examination; and Medical decision making of high complexity. Counseling and/or coordination of care with other physicians, other qualified health care professionals, or agencies are provided consistent with the nature of the problem(s) and the patient's and/or family's needs. Usually, the presenting problem(s) are of moderate to high severity. Typically, 80 minutes are spent face-to-face with the patient and/or family."
81001,URINALYSIS AUTO W/SCOPE,URNLS DIP STICK/TABLET REAGENT AUTO MICROSCOPY,"Urinalysis, by dip stick or tablet reagent for bilirubin, glucose, hemoglobin, ketones, leukocytes, nitrite, pH, protein, specific gravity, urobilinogen, any number of these constituents; automated, with microscopy"
