,CPT_CODE,SHORT_DESCRIPTION,LONG_DESCRIPTION,FULL_DESCRIPTION
0,10040,ACNE SURGERY,ACNE SURGERY,"Acne surgery (eg, marsupialization, opening or removal of multiple milia, comedones, cysts, pustules)"
1,10060,DRAINAGE OF SKIN ABSCESS,INCISION & DRAINAGE ABSCESS SIMPLE/SINGLE,"Incision and drainage of abscess (eg, carbuncle, suppurative hidradenitis, cutaneous or subcutaneous abscess, cyst, furuncle, or paronychia); simple or single"
2,10061,DRAINAGE OF SKIN ABSCESS,INCISION & DRAINAGE ABSCESS COMPLICATED/MULTIPLE,"Incision and drainage of abscess (eg, carbuncle, suppurative hidradenitis, cutaneous or subcutaneous abscess, cyst, furuncle, or paronychia); complicated or multiple"
3,10120,REMOVE FOREIGN BODY,INCISION & REMOVAL FOREIGN BODY SUBQ TISS SIMPLE,"Incision and removal of foreign body, subcutaneous tissues; simple"
4,11000,DEBRIDE INFECTED SKIN,DBRDMT EXTENSV ECZEMA/INFECT SKN UP 10% BDY SURF,Debridement of extensive eczematous or infected skin; up to 10% of body surface
5,11055,TRIM SKIN LESION,PARING/CUTTING BENIGN HYPERKERATOTIC LESION 1,"Paring or cutting of benign hyperkeratotic lesion (eg, corn or callus); single lesion"
6,11100,BIOPSY SKIN LESION,BX SKIN SUBCUTANEOUS&/MUCOUS MEMBRANE 1 LESION,"Biopsy of skin, subcutaneous tissue and/or mucous membrane (including simple closure), unless otherwise listed; single lesion"
7,11102,,,
8,11104,,,
9,11200,REMOVAL OF SKIN TAGS <W/15,REMOVAL SKN TAGS MLT FIBRQ TAGS ANY AREA UPW/15,"Removal of skin tags, multiple fibrocutaneous tags, any area; up to and including 15 lesions"
10,11300,SHAVE SKIN LESION 0.5 CM/<,SHAVING SKIN LESION 1 TRUNK/ARM/LEG DIAM 0.5CM/<,"Shaving of epidermal or dermal lesion, single lesion, trunk, arms or legs; lesion diameter 0.5 cm or less"
11,11301,SHAVE SKIN LESION 0.6-1.0 CM,SHVG SKIN LESION 1 TRUNK/ARM/LEG DIAM 0.6-1.0 CM,"Shaving of epidermal or dermal lesion, single lesion, trunk, arms or legs; lesion diameter 0.6 to 1.0 cm"
12,11302,SHAVE SKIN LESION 1.1-2.0 CM,SHVG SKN LESION 1 TRUNK/ARM/LEG DIAM 1.1-2.0 CM,"Shaving of epidermal or dermal lesion, single lesion, trunk, arms or legs; lesion diameter 1.1 to 2.0 cm"
13,11303,SHAVE SKIN LESION >2.0 CM,SHVG SKIN LESION 1 TRUNK/ARM/LEG DIAM >2.0 CM,"Shaving of epidermal or dermal lesion, single lesion, trunk, arms or legs; lesion diameter over 2.0 cm"
14,11307,SHAVE SKIN LESION 1.1-2.0 CM,SHAVING SKIN LESION 1 S/N/H/F/G DIAM 1.1-2.0 CM,"Shaving of epidermal or dermal lesion, single lesion, scalp, neck, hands, feet, genitalia; lesion diameter 1.1 to 2.0 cm"
15,11401,EXC TR-EXT B9+MARG 0.6-1 CM,EXC B9 LESION MRGN XCP SK TG T/A/L 0.6-1.0 CM,"Excision, benign lesion including margins, except skin tag (unless listed elsewhere), trunk, arms or legs; excised diameter 0.6 to 1.0 cm"
16,11402,EXC TR-EXT B9+MARG 1.1-2 CM,EXC B9 LESION MRGN XCP SK TG T/A/L 1.1-2.0 CM,"Excision, benign lesion including margins, except skin tag (unless listed elsewhere), trunk, arms or legs; excised diameter 1.1 to 2.0 cm"
17,11403,EXC TR-EXT B9+MARG 2.1-3CM,EXC B9 LESION MRGN XCP SK TG T/A/L 2.1-3.0 CM,"Excision, benign lesion including margins, except skin tag (unless listed elsewhere), trunk, arms or legs; excised diameter 2.1 to 3.0 cm"
18,11750,REMOVAL OF NAIL BED,EXCISION NAIL MATRIX PERMANENT REMOVAL,"Excision of nail and nail matrix, partial or complete (eg, ingrown or deformed nail), for permanent removal;"
19,11765,EXCISION OF NAIL FOLD TOE,WEDGE EXCISION SKIN NAIL FOLD,"Wedge excision of skin of nail fold (eg, for ingrown toenail)"
20,12001,RPR S/N/AX/GEN/TRNK 2.5CM/<,SIMPLE REPAIR SCALP/NECK/AX/GENIT/TRUNK 2.5CM/<,"Simple repair of superficial wounds of scalp, neck, axillae, external genitalia, trunk and/or extremities (including hands and feet); 2.5 cm or less"
21,12004,RPR S/N/AX/GEN/TRK7.6-12.5CM,SIMPLE RPR SCALP/NECK/AX/GENIT/TRUNK 7.6-12.5CM,"Simple repair of superficial wounds of scalp, neck, axillae, external genitalia, trunk and/or extremities (including hands and feet); 7.6 cm to 12.5 cm"
22,12031,INTMD RPR S/A/T/EXT 2.5 CM/<,REPAIR INTERMEDIATE S/A/T/E 2.5 CM/<,"Repair, intermediate, wounds of scalp, axillae, trunk and/or extremities (excluding hands and feet); 2.5 cm or less"
23,12345,,,
24,17000,DESTRUCT PREMALG LESION,DESTRUCTION PREMALIGNANT LESION 1ST,"Destruction (eg, laser surgery, electrosurgery, cryosurgery, chemosurgery, surgical curettement), premalignant lesions (eg, actinic keratoses); first lesion"
25,17110,DESTRUCT B9 LESION 1-14,DESTRUCTION BENIGN LESIONS UP TO 14,"Destruction (eg, laser surgery, electrosurgery, cryosurgery, chemosurgery, surgical curettement), of benign lesions other than skin tags or cutaneous vascular proliferative lesions; up to 14 lesions"
26,17111,DESTRUCT LESION 15 OR MORE,DESTRUCTION BENIGN LESIONS 15/>,"Destruction (eg, laser surgery, electrosurgery, cryosurgery, chemosurgery, surgical curettement), of benign lesions other than skin tags or cutaneous vascular proliferative lesions; 15 or more lesions"
27,20551,INJ TENDON ORIGIN/INSERTION,INJECTION SINGLE TENDON ORIGIN/INSERTION,Injection(s); single tendon origin/insertion
28,20552,INJ TRIGGER POINT 1/2 MUSCL,INJECTION SINGLE/MLT TRIGGER POINT 1/2 MUSCLES,"Injection(s); single or multiple trigger point(s), 1 or 2 muscle(s)"
29,20553,INJECT TRIGGER POINTS 3/>,INJECTION SINGLE/MLT TRIGGER POINT 3/> MUSCLES,"Injection(s); single or multiple trigger point(s), 3 or more muscles"
30,20600,DRAIN/INJ JOINT/BURSA W/O US,ARTHROCENTESIS ASPIR&/INJ SMALL JT/BURSA W/O US,"Arthrocentesis, aspiration and/or injection, small joint or bursa (eg, fingers, toes); without ultrasound guidance"
31,20605,DRAIN/INJ JOINT/BURSA W/O US,ARTHROCENTESIS ASPIR&/INJ INTERM JT/BURS W/O US,"Arthrocentesis, aspiration and/or injection, intermediate joint or bursa (eg, temporomandibular, acromioclavicular, wrist, elbow or ankle, olecranon bursa); without ultrasound guidance"
32,20610,DRAIN/INJ JOINT/BURSA W/O US,ARTHROCENTESIS ASPIR&/INJ MAJOR JT/BURSA W/O US,"Arthrocentesis, aspiration and/or injection, major joint or bursa (eg, shoulder, hip, knee, subacromial bursa); without ultrasound guidance"
33,20611,DRAIN/INJ JOINT/BURSA W/US,ARTHROCENTESIS ASPIR&/INJ MAJOR JT/BURSA W/US,"Arthrocentesis, aspiration and/or injection, major joint or bursa (eg, shoulder, hip, knee, subacromial bursa); with ultrasound guidance, with permanent recording and reporting"
34,21011,EXC FACE LES SC <2 CM,EXCISION TUMOR SOFT TISS FACE/SCALP SUBQ <2CM,"Excision, tumor, soft tissue of face or scalp, subcutaneous; less than 2 cm"
35,23931,DRAINAGE OF ARM BURSA,INCISION&DRAINAGE UPPER ARM/ELBOW BURSA,"Incision and drainage, upper arm or elbow area; bursa"
36,46611,ANOSCOPY,ANOSC RMVL 1 TUM POLYP/OTH LES SNARE TQ,"Anoscopy; with removal of single tumor, polyp, or other lesion by snare technique"
37,51701,INSERT BLADDER CATHETER,INSJ NON-NDWELLG BLADDER CATHETER,"Insertion of non-indwelling bladder catheter (eg, straight catheterization for residual urine)"
38,62282,TREAT SPINAL CANAL LESION,INJX/INFUS NEUROLYT SBST EPIDURAL LUMBAR/SACRAL,"Injection/infusion of neurolytic substance (eg, alcohol, phenol, iced saline solutions), with or without other therapeutic substance; epidural, lumbar, sacral (caudal)"
39,62311,INJECT SPINE LUMBAR/SACRAL,NJX DX/THER SBST EPIDURAL/SUBARACH LUMBAR/SACRAL,"Injection(s), of diagnostic or therapeutic substance(s) (including anesthetic, antispasmodic, opioid, steroid, other solution), not including neurolytic substances, including needle or catheter placement, includes contrast for localization when performed, epidural or subarachnoid; lumbar or sacral (caudal)"
40,64405,N BLOCK INJ OCCIPITAL,INJECTION ANESTHETIC AGENT GREATER OCCIPITAL NRV,"Injection, anesthetic agent; greater occipital nerve"
41,65220,REMOVE FOREIGN BODY FROM EYE,RMVL FB XTRNL EYE CORNEAL W/O SLIT LAMP,"Removal of foreign body, external eye; corneal, without slit lamp"
42,69200,CLEAR OUTER EAR CANAL,RMVL FB XTRNL AUDITORY CANAL W/O ANES,Removal foreign body from external auditory canal; without general anesthesia
43,69209,REMOVE IMPACTED EAR WAX UNI,REMOVAL IMPACTED CERUMEN IRRIGATION/LVG UNILAT,"Removal impacted cerumen using irrigation/lavage, unilateral"
44,69210,REMOVE IMPACTED EAR WAX UNI,REMOVAL IMPACTED CERUMEN INSTRUMENTATION UNILAT,"Removal impacted cerumen requiring instrumentation, unilateral"
45,76536,US EXAM OF HEAD AND NECK,US SOFT TISSUE HEAD & NECK REAL TIME IMGE DOCM,"Ultrasound, soft tissues of head and neck (eg, thyroid, parathyroid, parotid), real time with image documentation"
46,77002,NEEDLE LOCALIZATION BY XRAY,FLUOROSCOPIC GUIDANCE NEEDLE PLACEMENT ADD ON,"Fluoroscopic guidance for needle placement (eg, biopsy, aspiration, injection, localization device) (List separately in addition to code for primary procedure)"
47,77080,DXA BONE DENSITY AXIAL,DXA BONE DENSITY STUDY 1/> SITES AXIAL SKEL,"Dual-energy X-ray absorptiometry (DXA), bone density study, 1 or more sites; axial skeleton (eg, hips, pelvis, spine)"
48,81002,URINALYSIS NONAUTO W/O SCOPE,URNLS DIP STICK/TABLET RGNT NON-AUTO W/O MICRSCP,"Urinalysis, by dip stick or tablet reagent for bilirubin, glucose, hemoglobin, ketones, leukocytes, nitrite, pH, protein, specific gravity, urobilinogen, any number of these constituents; non-automated, without microscopy"
49,81003,URINALYSIS AUTO W/O SCOPE,URNLS DIP STICK/TABLET RGNT AUTO W/O MICROSCOPY,"Urinalysis, by dip stick or tablet reagent for bilirubin, glucose, hemoglobin, ketones, leukocytes, nitrite, pH, protein, specific gravity, urobilinogen, any number of these constituents; automated, without microscopy"
50,82270,OCCULT BLOOD FECES,BLOOD OCCULT PEROXIDASE ACTV QUAL FECES 1 DETER,"Blood, occult, by peroxidase activity (eg, guaiac), qualitative; feces, consecutive collected specimens with single determination, for colorectal neoplasm screening (ie, patient was provided 3 cards or single triple card for consecutive collection)"
51,82272,OCCULT BLD FECES 1-3 TESTS,BLOOD OCCULT PEROXIDASE ACTV QUAL FECES 1-3 SPEC,"Blood, occult, by peroxidase activity (eg, guaiac), qualitative, feces, 1-3 simultaneous determinations, performed for other than colorectal neoplasm screening"
52,82962,GLUCOSE BLOOD TEST,GLUC BLD GLUC MNTR DEV CLEARED FDA SPEC HOME USE,"Glucose, blood by glucose monitoring device(s) cleared by the FDA specifically for home use"
53,83036,GLYCOSYLATED HEMOGLOBIN TEST,HEMOGLOBIN GLYCOSYLATED A1C,Hemoglobin; glycosylated (A1C)
54,85610,PROTHROMBIN TIME,PROTHROMBIN TIME,Prothrombin time;
55,86580,TB INTRADERMAL TEST,SKIN TEST TUBERCULOSIS INTRADERMAL,"Skin test; tuberculosis, intradermal"
56,87210,SMEAR WET MOUNT SALINE/INK,SMR PRIM SRC WET MOUNT NFCT AGT,"Smear, primary source with interpretation; wet mount for infectious agents (eg, saline, India ink, KOH preps)"
57,87804,INFLUENZA ASSAY W/OPTIC,IAADIADOO INFLUENZA,Infectious agent antigen detection by immunoassay with direct optical observation; Influenza
58,90471,IMMUNIZATION ADMIN,IM ADM PRQ ID SUBQ/IM NJXS 1 VACCINE,"Immunization administration (includes percutaneous, intradermal, subcutaneous, or intramuscular injections); 1 vaccine (single or combination vaccine/toxoid)"
59,90632,HEP A VACCINE ADULT IM,HEPA VACCINE ADULT DOSE FOR INTRAMUSCULAR USE,"Hepatitis A vaccine (HepA), adult dosage, for intramuscular use"
60,90653,IIV ADJUVANT VACCINE IM,IIV ADJUVANTED VACCINE FOR INTRAMUSCULAR USE,"Influenza vaccine, inactivated (IIV), subunit, adjuvanted, for intramuscular use"
61,90662,IIV NO PRSV INCREASED AG IM,IIV VACCINE PRESERV FREE INCREASED AG CONTENT IM,"Influenza virus vaccine (IIV), split virus, preservative free, enhanced immunogenicity via increased antigen content, for intramuscular use"
62,90670,PCV13 VACCINE IM,PCV13 VACCINE FOR INTRAMUSCULAR USE,"Pneumococcal conjugate vaccine, 13 valent (PCV13), for intramuscular use"
63,90674,CCIIV4 VAC NO PRSV 0.5 ML IM,CCIIV4 VACCINE PRESERVATIVE FREE 0.5 ML IM USE,"Influenza virus vaccine, quadrivalent (ccIIV4), derived from cell cultures, subunit, preservative and antibiotic free, 0.5 mL dosage, for intramuscular use"
64,90686,IIV4 VACC NO PRSV 0.5 ML IM,IIV4 VACC PRESRV FREE 0.5 ML FOR IM USE,"Influenza virus vaccine, quadrivalent (IIV4), split virus, preservative free, 0.5 mL dosage, for intramuscular use"
65,90688,IIV4 VACCINE SPLT 0.5 ML IM,IIV4 VACC SPLIT VIRUS 0.5 ML DOS FOR IM USE,"Influenza virus vaccine, quadrivalent (IIV4), split virus, 0.5 mL dosage, for intramuscular use"
66,90715,TDAP VACCINE 7 YRS/> IM,TDAP VACCINE 7 YRS/> IM,"Tetanus, diphtheria toxoids and acellular pertussis vaccine (Tdap), when administered to individuals 7 years or older, for intramuscular use"
67,90732,PPSV23 VACC 2 YRS+ SUBQ/IM,PPSV23 VACCINE 2 YRS OR OLDER FOR SUBQ/IM USE,"Pneumococcal polysaccharide vaccine, 23-valent (PPSV23), adult or immunosuppressed patient dosage, when administered to individuals 2 years or older, for subcutaneous or intramuscular use"
68,90736,HZV VACCINE LIVE SUBQ,ZOSTER VACCINE HZV LIVE FOR SUBCUTANEOUS USE,"Zoster (shingles) vaccine (HZV), live, for subcutaneous injection"
69,90746,HEPB VACCINE 3 DOSE ADULT IM,HEPB VACCINE ADULT 3 DOSE SCHEDULE FOR IM USE,"Hepatitis B vaccine (HepB), adult dosage, 3 dose schedule, for intramuscular use"
70,90834,PSYTX W PT 45 MINUTES,PSYCHOTHERAPY W/PATIENT 45 MINUTES,"Psychotherapy, 45 minutes with patient"
71,90847,FAMILY PSYTX W/PT 50 MIN,FAMILY PSYCHOTHERAPY W/PATIENT PRESENT 50 MINS,"Family psychotherapy (conjoint psychotherapy) (with patient present), 50 minutes"
72,90882,ENVIRONMENTAL MANIPULATION,ENVIRONMENTAL IVNTJ MGMT PURPOSES PSYC PT,"Environmental intervention for medical management purposes on a psychiatric patient's behalf with agencies, employers, or institutions"
73,93000,ELECTROCARDIOGRAM COMPLETE,ECG ROUTINE ECG W/LEAST 12 LDS W/I&R,"Electrocardiogram, routine ECG with at least 12 leads; with interpretation and report"
74,93015,CARDIOVASCULAR STRESS TEST,CV STRS TST XERS&/OR RX CONT ECG W/SI&R,"Cardiovascular stress test using maximal or submaximal treadmill or bicycle exercise, continuous electrocardiographic monitoring, and/or pharmacological stress; with supervision, interpretation and report"
75,93922,UPR/L XTREMITY ART 2 LEVELS,NON-INVAS PHYSIOLOGIC STD EXTREMITY ART 2 LEVEL,"Limited bilateral noninvasive physiologic studies of upper or lower extremity arteries, (eg, for lower extremity: ankle/brachial indices at distal posterior tibial and anterior tibial/dorsalis pedis arteries plus bidirectional, Doppler waveform recording and analysis at 1-2 levels, or ankle/brachial indices at distal posterior tibial and anterior tibial/dorsalis pedis arteries plus volume plethysmography at 1-2 levels, or ankle/brachial indices at distal posterior tibial and anterior tibial/dorsalis pedis arteries with, transcutaneous oxygen tension measurement at 1-2 levels)"
76,94010,BREATHING CAPACITY TEST,SPMTRY W/VC EXPIRATORY FLO W/WO MXML VOL VNTJ,"Spirometry, including graphic record, total and timed vital capacity, expiratory flow rate measurement(s), with or without maximal voluntary ventilation"
77,94618,,,
78,94640,AIRWAY INHALATION TREATMENT,PRESSURIZED/NONPRESSURIZED INHALATION TREATMENT,"Pressurized or nonpressurized inhalation treatment for acute airway obstruction for therapeutic purposes and/or for diagnostic purposes such as sputum induction with an aerosol generator, nebulizer, metered dose inhaler or intermittent positive pressure breathing (IPPB) device"
79,96150,ASSESS HLTH/BEHAVE INIT,HLTH&BEHAVIOR ASSMT EA 15 MIN W/PT 1ST ASSMT,"Health and behavior assessment (eg, health-focused clinical interview, behavioral observations, psychophysiological monitoring, health-oriented questionnaires), each 15 minutes face-to-face with the patient; initial assessment"
80,96372,THER/PROPH/DIAG INJ SC/IM,THERAPEUTIC PROPHYLACTIC/DX INJECTION SUBQ/IM,"Therapeutic, prophylactic, or diagnostic injection (specify substance or drug); subcutaneous or intramuscular"
81,97001,PT EVALUATION,PHYSICAL THERAPY EVALUATION,Physical therapy evaluation
82,97110,THERAPEUTIC EXERCISES,THERAPEUTIC PX 1/> AREAS EACH 15 MIN EXERCISES,"Therapeutic procedure, 1 or more areas, each 15 minutes; therapeutic exercises to develop strength and endurance, range of motion and flexibility"
83,97112,NEUROMUSCULAR REEDUCATION,THER PX 1/> AREAS EACH 15 MIN NEUROMUSC REEDUCA,"Therapeutic procedure, 1 or more areas, each 15 minutes; neuromuscular reeducation of movement, balance, coordination, kinesthetic sense, posture, and/or proprioception for sitting and/or standing activities"
84,97116,GAIT TRAINING THERAPY,THER PX 1/> AREAS EA 15 MIN GAIT TRAINJ W/STAIR,"Therapeutic procedure, 1 or more areas, each 15 minutes; gait training (includes stair climbing)"
85,97140,MANUAL THERAPY 1/> REGIONS,MANUAL THERAPY TQS 1/> REGIONS EACH 15 MINUTES,"Manual therapy techniques (eg, mobilization/ manipulation, manual lymphatic drainage, manual traction), 1 or more regions, each 15 minutes"
86,97161,PT EVAL LOW COMPLEX 20 MIN,PHYSICAL THERAPY EVALUATION LOW COMPLEX 20 MINS,"Physical therapy evaluation: low complexity, requiring these components: A history with no personal factors and/or comorbidities that impact the plan of care; An examination of body system(s) using standardized tests and measures addressing 1-2 elements from any of the following: body structures and functions, activity limitations, and/or participation restrictions; A clinical presentation with stable and/or uncomplicated characteristics; and Clinical decision making of low complexity using standardized patient assessment instrument and/or measurable assessment of functional outcome. Typically, 20 minutes are spent face-to-face with the patient and/or family."
87,97162,PT EVAL MOD COMPLEX 30 MIN,PHYSICAL THERAPY EVALUATION MOD COMPLEX 30 MINS,"Physical therapy evaluation: moderate complexity, requiring these components: A history of present problem with 1-2 personal factors and/or comorbidities that impact the plan of care; An examination of body systems using standardized tests and measures in addressing a total of 3 or more elements from any of the following: body structures and functions, activity limitations, and/or participation restrictions; An evolving clinical presentation with changing characteristics; and Clinical decision making of moderate complexity using standardized patient assessment instrument and/or measurable assessment of functional outcome. Typically, 30 minutes are spent face-to-face with the patient and/or family."
88,97163,PT EVAL HIGH COMPLEX 45 MIN,PHYSICAL THERAPY EVALUATION HIGH COMPLEX 45 MINS,"Physical therapy evaluation: high complexity, requiring these components: A history of present problem with 3 or more personal factors and/or comorbidities that impact the plan of care; An examination of body systems using standardized tests and measures addressing a total of 4 or more elements from any of the following: body structures and functions, activity limitations, and/or participation restrictions; A clinical presentation with unstable and unpredictable characteristics; and Clinical decision making of high complexity using standardized patient assessment instrument and/or measurable assessment of functional outcome. Typically, 45 minutes are spent face-to-face with the patient and/or family."
89,97164,PT RE-EVAL EST PLAN CARE,PHYSICAL THERAPY RE-EVAL EST PLAN CARE 20 MINS,"Re-evaluation of physical therapy established plan of care, requiring these components: An examination including a review of history and use of standardized tests and measures is required; and Revised plan of care using a standardized patient assessment instrument and/or measurable assessment of functional outcome Typically, 20 minutes are spent face-to-face with the patient and/or family."
90,97530,THERAPEUTIC ACTIVITIES,THERAPEUT ACTVITY DIRECT PT CONTACT EACH 15 MIN,"Therapeutic activities, direct (one-on-one) patient contact (use of dynamic activities to improve functional performance), each 15 minutes"
91,97597,RMVL DEVITAL TIS 20 CM/<,DEBRIDEMENT OPEN WOUND 20 SQ CM/<,"Debridement (eg, high pressure waterjet with/without suction, sharp selective debridement with scissors, scalpel and forceps), open wound, (eg, fibrin, devitalized epidermis and/or dermis, exudate, debris, biofilm), including topical application(s), wound assessment, use of a whirlpool, when performed and instruction(s) for ongoing care, per session, total wound(s) surface area; first 20 sq cm or less"
92,98925,OSTEOPATH MANJ 1-2 REGIONS,OSTEOPATHIC MANIPULATIVE TX 1-2 BODY REGIONS,Osteopathic manipulative treatment (OMT); 1-2 body regions involved
93,98926,OSTEOPATH MANJ 3-4 REGIONS,OSTEOPATHIC MANIPULATIVE TX 3-4 BODY REGIONS,Osteopathic manipulative treatment (OMT); 3-4 body regions involved
94,98927,OSTEOPATH MANJ 5-6 REGIONS,OSTEOPATHIC MANIPULATIVE TX 5-6 BODY REGIONS,Osteopathic manipulative treatment (OMT); 5-6 body regions involved
95,98928,OSTEOPATH MANJ 7-8 REGIONS,OSTEOPATHIC MANIPULATIVE TX 7-8 BODY REGIONS,Osteopathic manipulative treatment (OMT); 7-8 body regions involved
96,98929,OSTEOPATH MANJ 9-10 REGIONS,OSTEOPATHIC MANIPULATIVE TX 9-10 BODY REGIONS,Osteopathic manipulative treatment (OMT); 9-10 body regions involved
97,99024,POSTOP FOLLOW-UP VISIT,POSTOP FOLLOW UP VISIT RELATED TO ORIGINAL PX,"Postoperative follow-up visit, normally included in the surgical package, to indicate that an evaluation and management service was performed during a postoperative period for a reason(s) related to the original procedure"
98,99080,SPECIAL REPORTS OR FORMS,SPEC REPORTS > USUAL MED COMUNICAJ/STAND RPRTG,"Special reports such as insurance forms, more than the information conveyed in the usual medical communications or standard reporting form"
99,99201,OFFICE/OUTPATIENT VISIT NEW,OFFICE OUTPATIENT NEW 10 MINUTES,"Office or other outpatient visit for the evaluation and management of a new patient, which requires these 3 key components: A problem focused history; A problem focused examination; Straightforward medical decision making. Counseling and/or coordination of care with other physicians, other qualified health care professionals, or agencies are provided consistent with the nature of the problem(s) and the patient's and/or family's needs. Usually, the presenting problem(s) are self limited or minor. Typically, 10 minutes are spent face-to-face with the patient and/or family."
100,99202,OFFICE/OUTPATIENT VISIT NEW,OFFICE OUTPATIENT NEW 20 MINUTES,"Office or other outpatient visit for the evaluation and management of a new patient, which requires these 3 key components: An expanded problem focused history; An expanded problem focused examination; Straightforward medical decision making. Counseling and/or coordination of care with other physicians, other qualified health care professionals, or agencies are provided consistent with the nature of the problem(s) and the patient's and/or family's needs. Usually, the presenting problem(s) are of low to moderate severity. Typically, 20 minutes are spent face-to-face with the patient and/or family."
101,99203,OFFICE/OUTPATIENT VISIT NEW,OFFICE OUTPATIENT NEW 30 MINUTES,"Office or other outpatient visit for the evaluation and management of a new patient, which requires these 3 key components: A detailed history; A detailed examination; Medical decision making of low complexity. Counseling and/or coordination of care with other physicians, other qualified health care professionals, or agencies are provided consistent with the nature of the problem(s) and the patient's and/or family's needs. Usually, the presenting problem(s) are of moderate severity. Typically, 30 minutes are spent face-to-face with the patient and/or family."
102,99204,OFFICE/OUTPATIENT VISIT NEW,OFFICE OUTPATIENT NEW 45 MINUTES,"Office or other outpatient visit for the evaluation and management of a new patient, which requires these 3 key components: A comprehensive history; A comprehensive examination; Medical decision making of moderate complexity. Counseling and/or coordination of care with other physicians, other qualified health care professionals, or agencies are provided consistent with the nature of the problem(s) and the patient's and/or family's needs. Usually, the presenting problem(s) are of moderate to high severity. Typically, 45 minutes are spent face-to-face with the patient and/or family."
103,99205,OFFICE/OUTPATIENT VISIT NEW,OFFICE OUTPATIENT NEW 60 MINUTES,"Office or other outpatient visit for the evaluation and management of a new patient, which requires these 3 key components: A comprehensive history; A comprehensive examination; Medical decision making of high complexity. Counseling and/or coordination of care with other physicians, other qualified health care professionals, or agencies are provided consistent with the nature of the problem(s) and the patient's and/or family's needs. Usually, the presenting problem(s) are of moderate to high severity. Typically, 60 minutes are spent face-to-face with the patient and/or family."
104,99211,OFFICE/OUTPATIENT VISIT EST,OFFICE OUTPATIENT VISIT 5 MINUTES,"Office or other outpatient visit for the evaluation and management of an established patient, that may not require the presence of a physician or other qualified health care professional. Usually, the presenting problem(s) are minimal. Typically, 5 minutes are spent performing or supervising these services."
105,99212,OFFICE/OUTPATIENT VISIT EST,OFFICE OUTPATIENT VISIT 10 MINUTES,"Office or other outpatient visit for the evaluation and management of an established patient, which requires at least 2 of these 3 key components: A problem focused history; A problem focused examination; Straightforward medical decision making. Counseling and/or coordination of care with other physicians, other qualified health care professionals, or agencies are provided consistent with the nature of the problem(s) and the patient's and/or family's needs. Usually, the presenting problem(s) are self limited or minor. Typically, 10 minutes are spent face-to-face with the patient and/or family."
106,99213,OFFICE/OUTPATIENT VISIT EST,OFFICE OUTPATIENT VISIT 15 MINUTES,"Office or other outpatient visit for the evaluation and management of an established patient, which requires at least 2 of these 3 key components: An expanded problem focused history; An expanded problem focused examination; Medical decision making of low complexity. Counseling and coordination of care with other physicians, other qualified health care professionals, or agencies are provided consistent with the nature of the problem(s) and the patient's and/or family's needs. Usually, the presenting problem(s) are of low to moderate severity. Typically, 15 minutes are spent face-to-face with the patient and/or family."
107,99214,OFFICE/OUTPATIENT VISIT EST,OFFICE OUTPATIENT VISIT 25 MINUTES,"Office or other outpatient visit for the evaluation and management of an established patient, which requires at least 2 of these 3 key components: A detailed history; A detailed examination; Medical decision making of moderate complexity. Counseling and/or coordination of care with other physicians, other qualified health care professionals, or agencies are provided consistent with the nature of the problem(s) and the patient's and/or family's needs. Usually, the presenting problem(s) are of moderate to high severity. Typically, 25 minutes are spent face-to-face with the patient and/or family."
108,99215,OFFICE/OUTPATIENT VISIT EST,OFFICE OUTPATIENT VISIT 40 MINUTES,"Office or other outpatient visit for the evaluation and management of an established patient, which requires at least 2 of these 3 key components: A comprehensive history; A comprehensive examination; Medical decision making of high complexity. Counseling and/or coordination of care with other physicians, other qualified health care professionals, or agencies are provided consistent with the nature of the problem(s) and the patient's and/or family's needs. Usually, the presenting problem(s) are of moderate to high severity. Typically, 40 minutes are spent face-to-face with the patient and/or family."
109,99244,OFFICE CONSULTATION,OFFICE CONSULTATION NEW/ESTAB PATIENT 60 MIN,"Office consultation for a new or established patient, which requires these 3 key components: A comprehensive history; A comprehensive examination; and Medical decision making of moderate complexity. Counseling and/or coordination of care with other physicians, other qualified health care professionals, or agencies are provided consistent with the nature of the problem(s) and the patient's and/or family's needs. Usually, the presenting problem(s) are of moderate to high severity. Typically, 60 minutes are spent face-to-face with the patient and/or family."
110,99245,OFFICE CONSULTATION,OFFICE CONSULTATION NEW/ESTAB PATIENT 80 MIN,"Office consultation for a new or established patient, which requires these 3 key components: A comprehensive history; A comprehensive examination; and Medical decision making of high complexity. Counseling and/or coordination of care with other physicians, other qualified health care professionals, or agencies are provided consistent with the nature of the problem(s) and the patient's and/or family's needs. Usually, the presenting problem(s) are of moderate to high severity. Typically, 80 minutes are spent face-to-face with the patient and/or family."
111,99354,PROLONG E&M/PSYCTX SERV O/P,PROLNG E&M/PSYCTX SVC OFFICE O/P DIR CON 1ST HR,Prolonged evaluation and management or psychotherapy service(s) (beyond the typical service time of the primary procedure) in the office or other outpatient setting requiring direct patient contact beyond the usual service; first hour (List separately in addition to code for office or other outpatient Evaluation and Management or psychotherapy service)
112,99364,ANTICOAGULANT MGMT SUBSEQ,ANTICOAGULANT MGMT OUTPATIENT EA SBSQ 90 DAYS,"Anticoagulant management for an outpatient taking warfarin, physician review and interpretation of International Normalized Ratio (INR) testing, patient instructions, dosage adjustment (as needed), and ordering of additional tests; each subsequent 90 days of therapy (must include a minimum of 3 INR measurements)"
113,99374,HOME HEALTH CARE SUPERVISION,SUPVJ PT HOME HEALTH AGENCY MO 15-29 MINUTES,"Supervision of a patient under care of home health agency (patient not present) in home, domiciliary or equivalent environment (eg, Alzheimer's facility) requiring complex and multidisciplinary care modalities involving regular development and/or revision of care plans by that individual, review of subsequent reports of patient status, review of related laboratory and other studies, communication (including telephone calls) for purposes of assessment or care decisions with health care professional(s), family member(s), surrogate decision maker(s) (eg, legal guardian) and/or key caregiver(s) involved in patient's care, integration of new information into the medical treatment plan and/or adjustment of medical therapy, within a calendar month; 15-29 minutes"
114,99387,INIT PM E/M NEW PAT 65+ YRS,INITIAL PREVENTIVE MEDICINE NEW PATIENT 65YRS&>,"Initial comprehensive preventive medicine evaluation and management of an individual including an age and gender appropriate history, examination, counseling/anticipatory guidance/risk factor reduction interventions, and the ordering of laboratory/diagnostic procedures, new patient; 65 years and older"
115,99397,PER PM REEVAL EST PAT 65+ YR,PERIODIC PREVENTIVE MED EST PATIENT 65YRS& OLDER,"Periodic comprehensive preventive medicine reevaluation and management of an individual including an age and gender appropriate history, examination, counseling/anticipatory guidance/risk factor reduction interventions, and the ordering of laboratory/diagnostic procedures, established patient; 65 years and older"
116,99483,,,
117,99487,CMPLX CHRON CARE W/O PT VSIT,CMPLX CHRON CARE MGMT W/O PT VST 1ST HR PER MO,"Complex chronic care management services, with the following required elements: multiple (two or more) chronic conditions expected to last at least 12 months, or until the death of the patient, chronic conditions place the patient at significant risk of death, acute exacerbation/decompensation, or functional decline, establishment or substantial revision of a comprehensive care plan, moderate or high complexity medical decision making; 60 minutes of clinical staff time directed by a physician or other qualified health care professional, per calendar month"
118,99490,CHRON CARE MGMT SRVC 20 MIN,CHRON CARE MANAGEMENT SRVC 20 MIN PER MONTH,"Chronic care management services, at least 20 minutes of clinical staff time directed by a physician or other qualified health care professional, per calendar month, with the following required elements: multiple (two or more) chronic conditions expected to last at least 12 months, or until the death of the patient; chronic conditions place the patient at significant risk of death, acute exacerbation/decompensation, or functional decline; comprehensive care plan established, implemented, revised, or monitored."
119,99491,,,
120,99495,TRANS CARE MGMT 14 DAY DISCH,TRANSITIONAL CARE MANAGE SRVC 14 DAY DISCHARGE,"Transitional Care Management Services with the following required elements: Communication (direct contact, telephone, electronic) with the patient and/or caregiver within 2 business days of discharge Medical decision making of at least moderate complexity during the service period Face-to-face visit, within 14 calendar days of discharge"
121,99496,TRANS CARE MGMT 7 DAY DISCH,TRANSITIONAL CARE MANAGE SRVC 7 DAY DISCHARGE,"Transitional Care Management Services with the following required elements: Communication (direct contact, telephone, electronic) with the patient and/or caregiver within 2 business days of discharge Medical decision making of high complexity during the service period Face-to-face visit, within 7 calendar days of discharge"
122,99497,ADVNCD CARE PLAN 30 MIN,ADVANCE CARE PLANNING FIRST 30 MINS,"Advance care planning including the explanation and discussion of advance directives such as standard forms (with completion of such forms, when performed), by the physician or other qualified health care professional; first 30 minutes, face-to-face with the patient, family member(s), and/or surrogate"
123,1125F,AMNT PAIN NOTED PAIN PRSNT,PAIN SEVERITY QUANTIFIED PAIN PRESENT,Pain severity quantified; pain present (COA) (ONC)
124,1126F,AMNT PAIN NOTED NONE PRSNT,PAIN SEVERITY QUANTIFIED NO PAIN PRESENT,Pain severity quantified; no pain present (COA) (ONC)
125,1170F,FXNL STATUS ASSESSED,FUNCTIONAL STATUS ASSESSED,Functional status assessed (COA) (RA)
126,3044F,HG A1C LEVEL LT 7.0%,MOST RECENT HEMOGLOBIN A1C LEVEL < 7.0%,Most recent hemoglobin A1c (HbA1c) level less than 7.0% (DM)
127,3074F,SYST BP LT 130 MM HG,MOST RECENT SYSTOLIC BLOOD PRESSURE <130 MM HG,"Most recent systolic blood pressure less than 130 mm Hg (DM), (HTN, CKD, CAD)"
128,3077F,SYST BP >/= 140 MM HG,MOST RECENT SYSTOLIC BLOOD PRES>/EQUAL 140 MM HG,"Most recent systolic blood pressure greater than or equal to 140 mm Hg (HTN, CKD, CAD) (DM)"
129,G0008,ADMINISTRATION INFLUENZA VIRUS VACC,ADMINISTRATION OF INFLUENZA VIRUS VACCINE,Administration of influenza virus vaccine
130,G0101,CERV/VAG CANCR SCR;PELV&CLN BRST EX,CERV/VAGINAL CANCER SCR; PELV&CLIN BREAST EXAM,Cervical or vaginal cancer screening; pelvic and clinical breast examination
131,G0127,TRIM DYSTROPHIC NAILS ANY NUMBER,TRIMMING OF DYSTROPHIC NAILS ANY NUMBER,"Trimming of dystrophic nails, any number"
132,G0179,PHYS RE-CERT MCR-COVR HOM HLTH SRVC,PHYS RE-CERT MCR-COVR HOM HLTH SRVC RE-CERT PRD,"Physician re-certification for Medicare-covered home health services under a home health plan of care (patient not present), including contacts with home health agency and review of reports of patient status required by physicians to affirm the initial implementation of the plan of care that meets patient's needs, per re-certification period"
133,G0180,PHYS CERT MCR-COVR HOM HLTH SRVC,PHYS CERT MCR-COVR HOM HLTH SRVC PER CERT PRD,"Physician certification for Medicare-covered home health services under a home health plan of care (patient not present), including contacts with home health agency and review of reports of patient status required by physicians to affirm the initial implementation of the plan of care that meets patient's needs, per certification period"
134,G0181,PHYS SUPV PT RECV MCR-COVR HOM HLTH,PHYS SUPV PT RECV MCR-COVR SRVC HOM HLTH AGCY,"Physician supervision of a patient receiving Medicare-covered services provided by a participating home health agency (patient not present) requiring complex and multidisciplinary care modalities involving regular physician development and/or revision of care plans, review of subsequent reports of patient status, review of laboratory and other studies, communication (including telephone calls) with other health care professionals involved in the patient's care, integration of new information into the medical treatment plan and/or adjustment of medical therapy, within a calendar month, 30 minutes or more"
135,G0268,REMV IMP CERUMN SAME DATE FUNCT TST,REMV IMP CERUMEN PHYS SAME DATE AUDIO FUNCT TST,Removal of impacted cerumen (one or both ears) by physician on same date of service as audiologic function testing
136,G0402,INIT PREV PE LTD DUR 1ST 12 MOS MCR,INIT PREV PE LTD NEW BENEF DUR 1ST 12 MOS MCR,"Initial preventive physical examination; face-to-face visit, services limited to new beneficiary during the first 12 months of Medicare enrollment"
137,G0403,ECG RTN ECG 12 LEADS 1ST PREV PE,ECG RTN ECG W/12 LEADS SCR INIT PREVNTV PE W/I&R,"Electrocardiogram, routine ECG with 12 leads; performed as a screening for the initial preventive physical examination with interpretation and report"
138,G0438,ANNUAL WELLNES VST; PERSNL PPS INIT,ANNUAL WELLNESS VISIT; PERSONALIZ PPS INIT VISIT,"Annual wellness visit; includes a personalized prevention plan of service (PPS), initial visit"
139,G0439,ANNUAL WELLNESS VST; PPS SUBSQT VST,ANNUAL WELLNESS VST; PERSONALIZED PPS SUBSQT VST,"Annual wellness visit, includes a personalized prevention plan of service (PPS), subsequent visit"
140,G0444,ANNUAL DEPRESSION SCREENING 15 MIN,ANNUAL DEPRESSION SCREENING 15 MINUTES,"Annual depression screening, 15 minutes"
141,G0505,CF ASMT STD INST OFF/OTH OP/HOME,COGN & FUNCT ASMT USING STD INST OFF/OTH OP/HOME,"Cognition and functional assessment using standardized instruments with development of recorded care plan for the patient with cognitive impairment, history obtained from patient and/or caregiver, in office or other outpatient setting or home or domiciliary or rest home"
142,G8981,CHNG&MAINT BDY PSTN FCN LIM REP INT,CHNG MAINT BDY PSTN FCN LIM TX OUTSET REP INTRVL,"Changing and maintaining body position functional limitation, current status, at therapy episode outset and at reporting intervals"
143,J0561,INJECTION PCN G BENZ 100000 UNITS,INJECTION PENICILLIN G BENZATHINE 100000 UNITS,"Injection, penicillin G benzathine, 100,000 units"
144,J0715,INJ CEFTIZOXIME SODIUM PER 500 MG,INJECTION CEFTIZOXIME SODIUM PER 500 MG,"Injection, ceftizoxime sodium, per 500 mg"
145,J0897,INJECTION DENOSUMAB 1 MG,INJECTION DENOSUMAB 1 MG,"Injection, denosumab, 1 mg"
146,J1020,INJ METHYLPRDNISOLONE ACTAT 20 MG,INJECTION METHYLPREDNISOLONE ACETATE 20 MG,"Injection, methylprednisolone acetate, 20 mg"
147,J1030,INJ METHYLPRDNISOLONE ACTAT 40 MG,INJECTION METHYLPREDNISOLONE ACETATE 40 MG,"Injection, methylprednisolone acetate, 40 mg"
148,J1040,INJ METHYLPRDNISOLONE ACTAT 80 MG,INJECTION METHYLPREDNISOLONE ACETATE 80 MG,"Injection, methylprednisolone acetate, 80 mg"
149,J1071,INJ TESTOSTERONE CYPIONATE 1 MG,INJECTION TESTOSTERONE CYPIONATE 1 MG,"Injection, testosterone cypionate, 1 mg"
150,J1100,INJ DEXMETHOSON SODIM PHOSHATE 1 MG,INJECTION DEXAMETHOSONE SODIUM PHOSPHATE 1 MG,"Injection, dexamethasone sodium phosphate, 1 mg"
151,J1885,INJ KETOROLAC TROMETHAMINE 15 MG,INJECTION KETOROLAC TROMETHAMINE PER 15 MG,"Injection, ketorolac tromethamine, per 15 mg"
152,J3301,INJ TRIAMCINOLON ACETONID NOS 10 MG,INJECTION TRIAMCINOLONE ACETONIDE NOS 10 MG,"Injection, triamcinolone acetonide, not otherwise specified, 10 mg"
153,J3420,INJ VIT B-12 CYNOCOBLMN TO 1000 MCG,INJECTION VIT B-12 CYANOCOBALAMIN TO 1000 MCG,"Injection, vitamin B-12 cyanocobalamin, up to 1,000 mcg"
154,Q2038,FLU VACC SPLIT 3 YRS & > IM FLUZONE,INFLUENZA VACC SPLIT VIRUS 3 YRS & > IM FLUZONE,"Influenza virus vaccine, split virus, when administered to individuals 3 years of age and older, for intramuscular use (Fluzone)"
